도서명,저자,출판사,발행연도,대출횟수,카테고리,저자소개,책소개
우리가 빛의 속도로 갈 수 없다면,김초엽,허블,년 월 일,,소설시희곡,"['소설가', '년생', '포스텍', '화학', '전공', '생화학', '석사', '학위', '관내', '분실', '빛', '속도', '없다', '면', '과학', '문학상', '중단', '편', '대상', '가작', '수상하며', '작품', '활동', '시작', '쓴', '책', '소설', '집', '빛', '속도', '없다면', '원통', '안', '소녀', '지은', '책', '사이보그', '되다가', '여러', '앤솔러지', '참여', '작가', '문학동네', '젊은', '작가', '수상했다', '우주', '대해', '상상', '걸', '좋아하지만', '우주', '직접', '가고', '싶지는', '않은', '작가', '환상', '시공간', '여행', '외계', '행성', '탐사', '이야기', '열광한다', '취미', '두', '달마', '바뀌는데', '가장', '오래', '가는', '건', '게임', '집', '모든', '종류', '게임', '콘솔', '커다란', '스크린', '구비', '게임방', '만들고', '스스로', '완전히', '격리', '계획', '세우고']","['우아한', '계보', '후', '지난', '겨울', '바이오', '센서', '만드는', '과학', '였던', '김', '초연', '작가', '소설', '쓴다', '관내', '분실', '과학', '문학상', '중단', '편', '부문', '대상', '필명', '낸', '빛', '속도', '없다면도', '동시', '우아한', '계보', '라', '불리', '며', '작품', '활동', '시작', '김', '초연', '작가', '후', '더욱', '도약', '만이', '그려', '낼', '김', '초연', '특유', '작', '품세', '계', '보여주었다', '투명하고', '아름답지만', '순진하지만은', '않은', '에도', '없는', '어딘가', '있을', '같은', '근사한', '세계', '손', '잡힐', '듯', '이야기', '담아', '냈다', '개', '위성', '뜨는', '곳', '에서도', '지지', '않는', '마음', '표', '제작', '빛', '속도', '없다', '면', '매력', '할머니', '과학자', '주인공', '등장', '인물', '소설', '고통', '기꺼이', '감내', '있는지', '생', '끝', '최선', '다한', '다는', '인지', '자꾸만', '묻는', '듯', '문학상', '긴', '초엽', '작품', '더욱', '확장', '세계', '그려', '낸다', '작가', '질문', '단단해진듯', '개', '위성', '뜨는', '행성', '홀로', '남겨져', '외계인', '조우', '될지라도', '스펙트럼', '고통', '없는', '유토피아', '짐짓', '모르는', '질문', '않고', '살아갈', '있을', '에도', '순례', '돌아오지', '않는가', '그럼에도', '불구', '세계', '세계', '알아야겠다고', '용기', '내는', '마음', '사랑', '우정', '말', '하며', '지지', '않는', '마음', '분투', '태도', '긴', '초엽', '소설', '소녀', '영웅', '금메달', '리스트', '필요', '없다', '김', '초엽', '정상', '비정상', '성공', '실패', '주류', '비주류', '경계', '끊임없이', '질문', '미션', '실패했다고', '비난', '받는', '우주인', '일지', '라도', '우주', '영웅', '관', '하여', '소녀', '에게는', '존재', '응원', '성공', '실패', '인가', '우주', '미션', '실패했지만', '소녀', '응원', '성공했다면', '삶', '실패한', '삶', '있을까', '소녀', '영웅', '금메달', '리스트', '필요', '없다', '경계', '선', '소설가', '김초', '업은', '질문', '쨍하', '게', '빛나는', '이야기', '들려준다', '재미있게']"
문화정치학의 영토들,이진경,그린비,년 월 일,,인문,"['환기', '사회', '토대', '분석', '사회', '성', '체론', '사회과학', '방법론', '써서', '세', '이진경', '이라는', '필명', '얻었다', '본명', '박태호', '서울대', '사회학', '졸업', '같은', '대학', '대학원', '논문', '서구', '근', '대적', '주거', '공간', '대한', '공간', '사회학', '연구', '박사학위', '지식', '공동체', '수유너머', '연구', '활동', '하며', '과학기술대', '기', '초교', '학부', '강의', '사회주의', '붕괴', '근대성', '천', '착해', '철학', '굴뚝', '청소부', '썼고', '자본주의', '근대성', '변혁', '모색', '마르크스', '주의', '근대성', '근', '대적', '시공간', '탄생', '이진경', '필로', '시네마', '썼다', '푸코', '들뢰즈', '가타', '리', '철학', '자본주의', '외부', '삶', '탈주', '꿈꾸며', '노마디즘', '철학', '외부', '역사', '공간', '불온', '존재론', '권', '책', '냈다']","['대', '중지', '성', '눈', '시대', '분석', '대중', '강의', '시리즈', '두', '번째', '책', '포스트모던', '이라는', '말로', '표상', '현대', '문화', '문화', '현상', '만이', '아니라', '문화', '형성', '지반', '공간', '기억', '역사', '시선', '주체', '다루고', '이렇게', '지반', '에까지', '눈', '돌림', '삶', '깊숙이', '들어와', '서구', '시선', '계몽', '주의', '오리엔탈리즘', '휴머니즘', '이념', '채색', '벗기고', '새로운', '삶', '가능성', '창안', '위', '지점', '모색', '현대', '문화', '단', '표현', '말', '포스트모던', '조건', '대한', '설명', '시작', '책', '현대', '문화', '요소', '욕망', '소비', '스펙', '터', '클', '복제', '문화', '성형', '섹슈얼리티', '살펴보고', '문화', '현상', '근', '깔려', '근', '대적', '시선', '이념', '문제', '언급', '함', '탈', '근대', '포스트모던', '불리는', '시대', '이해', '해석', '해야', '인가', '대한', '단', '초', '제공']"
달러구트 꿈 백화점 ,이미예,팩토리나인,년 월 일,,소설시희곡,"['부산', '태어났다', '부산', '대', '재료공학', '공부', '반도체', '엔지니어', '크라', '우드', '펀딩', '프로젝트', '주문', '하신', '꿈', '매진', '달러', '구트', '꿈', '백화점', '첫', '소설', '발표', '후원자', '열렬한', '지지', '받아', '성공', '펀딩', '종료', '하였다', '달러', '구트', '꿈', '백화점', '교보', '문고', '영풍문고', '종합', '베스트셀러', '예스', '인터파크', '알라딘', '영풍문고', '뽑은', '책', '수상하였고', '서점', '뽑은', '책', '부천', '창원', '포천', '남양주시', '용인시', '정부', '대구', '책', '선정', '되었다', '상반기', '교보', '문고', '예스', '종합', '베스트셀러', '위', '차지', '하였다']","['여기는', '잠들어야만', '입장', '달러', '구트', '꿈', '백화점', '잠들어야만', '입장', '독특한', '마을', '곳', '들어온', '잠든', '손님', '가장', '인기', '곳', '온갖', '꿈', '모아', '판매', '달러', '구트', '꿈', '백화점', '긴', '잠', '자는', '짧은', '낮잠', '자는', '동물', '대', '성황', '이룬다', '범', '상치', '않은', '혈통', '주인', '장', '달러', '구트', '최측근', '신참', '직원', '페니', '꿈', '만드는', '아가', '넵', '코코', '베일', '둘러싸인', '비고', '어스', '등장', '달러', '구트', '꿈', '백화점', '무의식', '에서만', '존재', '꿈', '정말', '사고팔', '있을까', '기발한', '질문', '답', '찾아가며', '꿈', '만드는', '파는', '사는', '비밀스러운', '에피소드', '담고', '판타지', '소설', '텀블벅', '펀딩', '달성', '전자책', '출', '간', '베스트셀러', '위', '기록', '하며', '수많은', '독자', '요청', '종이', '책', '출', '간하게', '되었다']"
선량한 차별주의자,김지혜,창비,년 월 일,,사회 정치,"['강릉원주대', '다문화', '학과', '소수자', '인권', '차별', '관해', '가르치고', '연구', '주민', '성소수자', '아동', '청소년', '홈리스', '다양한', '소수자', '현안', '관심', '현장', '밀접한', '연구', '사회', '구체', '변화', '만들어', '낼', '법', '정책', '대안', '제시', '하려고', '노력', '사회', '복지', '법', '공부', '서울특별시', '립', '동', '상담', '치료', '센터', '헌법재판소', '기관', '했으며', '주민', '기본권', '불평등', '윤리', '영토권', '차별', '선동', '규제', '혐오', '표현', '관', '국제', '법적', '비교', '법적', '검토', '중심', '연', '논문', '몰랐던', '이야기', '공저', '인권', '행정', '길라잡이', '공저', '쓰고', '헌법', '약속', '사회보장', '론', '입문', '번역']","['선량한', '차별', '주의자', '평등', '외치는', '위', '안내서', '혐오', '차별', '잡초', '자란다', '신경', '쓰지', '않으면', '온', '사회', '무성', '해진다', '작은', '차별', '무시', '해도', '되고', '유리한', '차별', '합리', '차등', '이라고', '이야기', '하며', '차별', '대한', '문제', '제기', '시정', '조치', '역차별', '이라고', '공격', '하기도', '말', '심각한', '혐오', '주의자', '차별', '주의자', '아니다', '선량한', '차별', '주의자', '평범한', '선량한', '차별', '주의자', '있다고', '말', '도발', '책', '저자', '김지혜', '교수', '강릉원주대', '다문화', '학과', '차별', '지대', '놓인', '직접', '찾아가는', '현장', '활동가', '이자', '통계학', '회복', '지학', '법학', '넘나', '드는', '통합', '바탕', '국내', '열악한', '혐오', '차별', '문제', '이론', '토대', '구축', '데', '전념', '해온', '연구자', '현장', '밀착', '인권', '혐오', '문제', '연구', '진행', '해온', '연구자', '답', '게', '책', '쉽고', '재미있는', '대중', '글쓰기', '선보인다', '심리', '대한', '국내외', '최신', '연구', '현장', '기록', '생생한', '사례', '학생', '진행', '해온', '토론', '수업', '전문가', '학술', '포럼', '에서의', '다양한', '논쟁', '버', '무려', '일상', '숨겨진', '혐오', '차별', '생생하게', '담아', '냈다', '은밀', '사소하며', '일상', '자연', '스럽게', '벌어지는', '속', '선량한', '놓치고', '있던', '차별', '혐오', '날카롭게', '포착', '내는', '책', '메시지', '분명하다', '선량한', '마음', '만으로', '평등', '이루어지지', '않으며', '익숙한', '질서', '너머', '상상', '평등한', '조직', '해가', '자고', '제안', '차별', '당하면서도', '작은', '문제', '제기', '해보지', '못', '소위', '불', '편러', '차별', '혐오', '시대', '지친', '현대인', '꼭', '읽어야', '책']"
관계 중독,달린 랜서 박은숙,교양인,년 월 일,,인문,"['미국', '결혼', '가족', '전문', '심리상담가', '이자', '인간관계', '상담', '로스쿨', '졸업', '하여', '변호사', '되었으나', '알코올', '중독', '남자친구', '돕기', '위해', '심리', '치료', '경험', '심각한', '관계', '중독', '자임', '깨닫고', '심리상담가', '전향', '안티오크', '대학', '임상심리학', '석사', '학위', '받았으며', '관계', '문제', '겪는', '커플', '가족', '연간', '상담', '왔다', '대중', '강연', '활발히', '있으며', '결혼', '코칭', '전문가', '활동', '있다지는', '책']","['사랑', '중독', '마음', '들여다보니', '수치심', '공', '존', '벗어나', '건강한', '관계', '되찾는', '회복', '심리학', '삶', '의미', '나가', '아닌', '에게서', '찾는', '부탁', '거절', '죄책감', '시달린다', '파트너', '바람', '피우거나', '폭력', '휘둘러도', '떠나지', '못', '배우자', '자식', '잘', '데', '서', '자존감', '찾는다', '연애', '모든', '연인', '맞추느라', '힘겹다', '제일', '두려워하는', '말', '그만', '만나', '에너지', '온통', '쏠려', '삶', '제대로', '꾸리지도', '못', '스스로', '돌보지도', '못', '관계', '중독', '라고', '불리는', '홀로', '선', '없다', '있을', '뿐', '관계', '중독', '자의', '내면', '사랑', '스럽지', '않고', '부끄러워서', '사라져', '버리고', '싶은', '나쁜', '감정', '수치심', '수치심', '사랑', '파괴', '건강한', '관계', '요구', '모든', '행동', '소통', '망', '뜨', '리기', '수치심', '관계', '중독', '서로', '자양', '분', '삼아', '삶', '망친다', '저자', '심각한', '관계', '중독', '자였던', '이야기', '가감', '없이', '드러낸다', '심리', '상담', '만난', '담', '들의', '사례', '바탕', '삼아', '수치심', '관계', '중독', '벗어나는', '방법', '안내']"
아몬드,손원평,창비,년 월 일,,소설시희곡,"['태어났다', '서강대', '사회학', '철학', '공부', '했고', '영화아카데미', '영화', '영화', '연출', '전공', '씨', '영화', '평론', '받았고', '과학기술', '창작', '문예', '공모', '믿어', '요로', '시나리오', '시놉시스', '부문', '수상했다', '정이', '안', '가는', '의미', '단편영화', '각본', '쓰고', '연출', '첫', '장편소설', '아몬드', '창비', '청소년', '문학상', '수상하여', '등단', '두', '번째', '장편소설', '서른', '반격', '주', '평화', '문학상', '아몬드', '서른', '반격', '일본', '서점', '대상', '수상했다', '장편소설', '프리즘', '소설', '집', '집']","['공감', '불능', '사회', '차가', '움', '녹이는', '아몬드', '매혹', '문체', '독특한', '캐릭터', '속', '도감', '넘치는', '전개', '고통', '공감', '능력', '깨우치게', '강력한', '소설', '영화', '강렬하고', '드라마', '팽팽', '완전히', '새로운', '소설', '나타났다', '감정', '느끼지', '못', '소년', '특별한', '성장', '이야기', '첫', '장', '강렬한', '사건', '시작', '페이지', '궁금해지게', '만드는', '흡입', '력', '강한', '작품', '감정', '무감각', '해진', '공감', '불능', '시대', '큰', '울림', '주는', '소설', '작품', '속', '인물', '관계', '맺고', '슬픔', '공감', '하며', '성장해', '나가는', '과정', '탁월하게', '묘사', '영화', '펼쳐지는', '극적', '사건', '매혹', '문체', '독자', '단숨', '사로잡을', '완득이', '위저드', '베이커리', '잇는', '창비', '청소년', '문학상', '수상작', '아몬드', '주인공', '윤재', '감정', '느끼는', '데', '어려움', '겪는', '독특한', '캐릭터', '말', '행동', '이면', '읽어', '내지', '못', '공포', '분노', '잘', '느끼지', '못', '윤재', '평범하게', '살아가려고', '버텨', '오고', '에게서', '남', '웃으면', '웃고', '호의', '보이', '면', '고맙다고', '말', '식', '주입', '식', '감정', '교육', '받기도', '곧이곧대로', '보는', '괴물', '이라고', '손가락질', '받던', '윤재', '날', '비극', '사건', '맡아', '가족', '잃게', '되면서', '홀로', '남는다', '모든', '잃었다고', '하던', '윤재', '곁', '새로운', '인연', '다가온다', '두운', '상처', '간직', '곤', '반대', '맑은', '감성', '지닌', '도라', '윤재', '돕고', '싶어', '심', '박사', '그러한', '인물', '윤재', '사이', '펼쳐지는', '이야기', '감정', '이해', '한다는', '어려운지', '그럼에도', '소중한', '일인', '지', '다시', '보게', '상실', '애도', '감정', '보듬을', '여유', '잃어버린', '채', '독자', '윤재', '응원', '마음', '되돌아볼', '기회', '얻을', '윤재', '덤덤한', '어조', '역설', '읽는', '이의', '더욱', '슬프게', '미며', '독자', '작품', '깊고', '진실한', '감정', '고양', '경험', '있을']"
이것이 인공지능이다,김명락,슬로디미디어,년 월 일,,경제 경영,"['초등학교', '시절', '컴퓨터', '게임', '만드는', '프로그래머', '였던', '저자', '핵융합', '에너지', '인류', '미래', '비전을', '서울대학교', '원자핵', '공', '학과', '진학', '했고', '동', '대학원', '빅데이터', '인공', '지능', '활용', '하여', '핵융합', '장치', '제어', '연구', '수행', '세기말', '묻지', '마', '벤', '처', '투자', '열풍', '한창', '그만두지', '못', '해병대', '소대장', '복무', '마쳤다', '벤', '처', '거품', '완전히', '끝난', '첫', '번째', '창업', '했고', '만에', '실패', '경험', '대기업', '중견', '기업', '전략기획', '신', '사업', '경영', '혁신', '정보', '전략', '건설', '융합', '업무', '맡았으며', '주말', '경영', '대학원', '다니며', '다시', '인공', '지능', '회사', '초록', '소프트', '창업', '회사', '대표', '로서', '지난', '인공', '지능', '이라는', '기술', '시장', '살아남기', '위해', '노력', '인공', '지능', '대한', '시장', '기대', '오해', '가감', '없이', '접', '인공', '지능', '미래', '기술', '만드는', '데', '있지', '않고', '기술', '이해', '활용', '본격', '시작', '될', '이라는', '믿음', '연세대학교', '외국어', '대학교', '금융', '분야', '인공', '지능', '스포츠', '분야', '인공', '지능', '가르치는', '겸임', '교수', '재직', '중이', '세종대', '을지대', '단국대학교', '경희대학교', '울산', '과학기술원', '조선', '대학교', '빅데이터', '인공', '지능', '강의', '하며', '후학', '양성', '인공', '지능', '대중화', '에도', '힘쓰고']","['인공', '지능', '파도', '오고', '있다를', '이끌어가는', '기업', '생생한', '예시', '쉽게', '설명', '인공', '지능', '시대', '준비', '살아가야', '인재', '맡에', '두고', '읽어야', '책', '컴퓨터', '시작', '약', '앨런', '튜링', '박사', '만든', '튜링', '기계', '시작', '되었다', '차', '세계대전', '독일군', '암호', '체계', '에니그마', '해독', '데', '공헌', '하기도', '튜링', '기계', '개념', '컴퓨터', '시작', '이자', '인공', '지능', '기술', '발전', '가져다주었다', '지난', '인공', '지능', '기술', '발전', '기술', '열광했고', '쉽게', '실망하기도', '인공', '지능', '기술', '급격하게', '발전', '했다고', '말', '기대', '인식', '달라졌다고', '보는', '게', '맞는', '말일', '인공', '지능', '시대', '온다고', '컴퓨터', '학원', '대학원', '다니며', '몰두해야', '아니다', '플랫폼', '만드는', '되', '기', '보다는', '잘', '활용', '줄', '아는', '되어야', '인공', '지능', '파도', '다가오고', '파도', '크기', '점점', '커져서', '쓰나미', '삶', '많은', '바꿀', '파도', '빠져서', '죽느냐', '서핑', '즐기며', '보지', '못', '했던', '세계', '나아가느냐', '선택', '달려', '인공', '지능', '파도', '위', '신나게', '놀기', '위', '해서는', '해야', '하는지', '알아보자']"
이렇게 살아가도 괜찮은가,피터 싱어 노승영,시대의창,년 월 일,,인문,"['동물', '해방', '출', '간', '국제', '명성', '얻었다', '프린스턴', '대학교', '가치', '대학', '센터', '생명', '윤리학', '교수', '이자', '멜버른', '대학교', '계관', '교수', '실천', '윤리학', '생명', '현실', '세계', '에서의', '윤리학', '저술', '하였다', '타임', '지는', '세계', '가장', '영향력', '인의', '명단', '포함', '시켰으며', '오스트레일리아', '국가', '최고', '시민', '훈장']","['안녕하지', '못', '던지는', '피터', '싱어', '궁극', '질문', '세계', '동물', '해방', '운동', '불꽃', '지핀', '피터', '싱어', '궁극', '질문', '담긴', '책', '책', '피터', '싱어', '철학', '종교', '영역', '에서만', '논의', '듯', '윤리', '문제', '구체', '삶', '실천', '영역', '끌어당긴다', '좋은', '삶', '이란', '일까', '진정', '바라는', '삶은', '삶일', '까라는', '질문', '던질', '요구', '스스로', '질문', '진정한', '삶', '가능성', '마주', '된다', '책', '질문', '대한', '해답', '찾아가는', '과정', '이자', '좋은', '삶', '현실', '가능함을', '보여주는', '상식', '증명', '여러', '인물', '사건', '대한', '들어', '사는', '좋은', '삶', '인지', '이렇게', '살아가도', '괜찮은지를', '피터', '싱어', '묻는다', '사회', '구성원', '퍼센트', '만이', '질문', '대한', '해답', '찾기', '위해', '행동', '이로', '인한', '삶', '변화', '정부', '주도한', '변화', '클', '이라고', '말', '신화', '속', '시시포스', '지루함', '고통', '느끼고', '현대인', '피터', '싱어', '실천', '윤리', '희망', '다가올']"
지적 대화를 위한 넓고 얕은 지식 제로,채사장,웨일북,년 월 일,,인문,"['겨울', '출', '간', '첫', '책', '지적', '대화', '위', '넓고', '얕은', '지식', '밀', '리언', '셀러', '오르며', '국내', '저자', '위', '기록', '차기작', '현실', '인문학', '다룬', '시민', '교양', '성장', '인문학', '다룬', '열한', '계단', '관계', '인문학', '다룬', '만난다까지', '베스트셀러', '오르며', '명', '넘는', '독자', '사랑', '책', '동명', '팟캐스트', '지대', '넓', '얕은', '장기간', '팟캐스트', '순위', '위', '기록', '하며', '정치', '내용', '판도', '팟캐스트', '시장', '돌풍', '일으켰다', '아이튠즈', '팟캐스트', '위', '기록', '누적', '다운로드', '억', '건', '넘어서며', '방송', '끝난', '지적', '대화', '목말', '라', '청취', '끝없는', '지지', '받는', '중이', '성균관', '대학', '공부', '했으며', '학창', '시절', '내내', '권', '책', '읽을', '지독하게', '다양한', '분야', '관심', '많았다', '문학', '철학', '종교', '서양미술', '현', '대', '물리학', '거쳐', '역사', '사회', '경제', '이르는', '다양한', '지적', '편', '력', '오랜', '사회생활', '하며', '얻은', '경험', '책', '쓰게', '원동력', '되었다', '지적', '대화', '기쁨', '느끼고', '주변', '넓고', '얕은', '지식', '공통분모', '대화', '하고자', '책', '썼다', '현실', '제대로', '이해', '대화', '즐거움', '찾기', '바란다', '글쓰기', '강연', '많은', '사람과', '만나며', '삶', '분리', '되지', '않은', '인문학', '알리는']","['책', '삶', '가장', '앞', '위치', '해야', '책', '모든', '지식', '목차', '지식', '알', '싶으면', '선지', '식이', '필요하다', '앞', '끊임없이', '얻어야', '모든', '지식', '위해', '가장', '밑바탕', '마련', '해야', '지식', '인문', '분야', '국내', '작가', '로는', '드물게', '부라', '더블', '밀', '리언', '셀러', '기록', '작가', '출', '간하는', '책', '화제', '불러일으키며', '베스트셀러', '달성', '작가', '강연', '청중', '꽉', '들어', '차고', '끝난', '지', '넘은', '팟캐스트', '아직도', '상위', '권', '달리', '며', '많은', '기다려', '온', '작가', '채', '사장', '만에', '지적', '대화', '위', '넓고', '얕은', '지식', '신작', '돌아왔다', '작가', '특유', '유머', '필', '력', '어려운', '쉽게', '설명', '지루한', '재밌게', '정리', '기술', '여전하다', '시리즈', '현실', '감각', '빛', '발', '했다면', '책', '오랜', '기간', '사유', '통찰', '유감', '없이', '발휘', '된다', '현대인', '여러', '블랙', '미러', '에도', '수많은', '지식', '접', '파편', '지식', '금세', '휘발', '되고', '삶', '자리', '잡지', '못', '일까', '지식', '이해', '위', '지식', '배경', '약하기', '지식', '종류', '많겠지만', '지식', '알려면', '꼭', '필요한', '선지', '식이', '나와', '세계', '이해', '개인', '관점', '세계관', '형성', '주며', '일상', '파생', '지식', '주체', '이해', '책', '제로', '편', '진정한', '지적', '대화', '싶다면', '제일', '먼저', '접', '해야', '가장', '근본', '지식', '담았다', '책', '이야말로', '지식', '궁극', '목표', '이루게', '나와', '삶', '나아지게', '목표', '말']"
미치게 친절한 철학,안상헌,행성,년 월 일,,인문,"['삶', '문제', '탐구', '인문학자', '독서', '성찰', '일상', '부딪히는', '다양한', '문제', '근원', '탐색', '지혜', '로운', '삶', '해법', '찾는', '글', '쓰고', '인문학', '보급', '애플', '인문학', '당', '운영', '있으며', '아르카디아', '철학', '수업', '진행', '다양한', '기업', '단체', '강의', '사업', '단순히', '물건', '팔고', '사는', '일이', '아니다', '알', '시대', '읽고', '가치', '창조', '종합예술', '중심', '사업가', '철학', '성공하는', '사업가', '만의', '분명한', '철학', '있으며', '철학', '방법', '배우고', '익힌다면', '실패', '줄이는', '아름답게', '만드는', '일조', '사장', '철학', '성공하는', '기업', '경', '영자', '철학', '사업', '연관', '있는지를', '알리', '활용', '위', '목적', '쓰였다', '문화', '공감', '진행', '했고', '경남', '교육청', '인문학', '교육', '진흥', '위원', '단국대학교', '강사', '국민연금', '공단', '문', '강사', '지냈다', '지은', '책', '미치게', '친절한', '철학', '새로운', '공부', '온다', '인문학', '공부', '법', '청춘', '인문학', '외']","['문제', '푸는', '건', '과학', '아니라', '철학', '무심코', '읽다', '끝', '읽게', '철학', '책', '철학사', '끝', '읽어', '본', '될까', '미치게', '친절한', '철학', '철학', '정수', '이해', '있게', '하려고', '최대한', '쉽게', '쓴', '철학', '입', '문서', '소크라테스', '플라톤', '알', '라캉', '들뢰즈', '잘', '알', '지', '못', '이유', '첫', '장', '고대', '철학', '페이지', '읽고', '나면', '재미', '없고', '이해', '힘들어서', '현', '대', '철학', '읽어', '낼', '엄두', '못', '내기', '저자', '다독', '가이자', '인문학', '강사', '유명한', '인문학자', '안상헌', '오랜', '대중', '강연', '대중', '철학', '어려워하고', '멀리', '되었는지', '알', '게', '되었고', '경험', '토대', '책', '쓰게', '되었다', '미치게', '친절한', '철학', '철학', '책', '읽다', '실패한', '철포', '대', '철학', '포기', '자를', '비롯', '청소년', '일반인', '쉽게', '읽어', '내려갈', '아무리', '과학', '발달', '해도', '살아가면서', '겪는', '문제', '과학', '해결', '줄', '없다', '철학', '손', '놓을', '없는', '이유', '철학', '삶', '문제', '치열하게', '학문', '없기']"
물고기는 존재하지 않는다,룰루 밀러 정지인,곰출판,년 월 일,,자연과학,"['방송', '계', '퓰리처상', '불리는', '피어', '버디', '수상한', '과학', '문', '기자', '넘게', '미국', '공', '라디오', '방송국', '행동', '형성', '보이지', '않는', '힘들에', '관', '이야기', '나누는의', '인비', '빌리아의', '공동', '기획', '뉴욕', '공', '라디오', '방송국', '라디오', '랩', '두', '자주', '참여', '있으며', '뉴요커', '오리온', '렉', '트릭', '리터', '리처', '캐터펄트', '글', '기고', '해왔다', '지구', '가장', '좋아하는', '지점', '험', '프', '백락', '블루', '리지', '산맥', '험프', '백산', '정상', '부근', '녹암', '노두', '룰루', '밀러', '논픽션', '데뷔', '작', '물고기', '존재', '않는다는', '전기', '이자', '회고록', '이자', '과학', '험담', '혼돈', '항상', '승리', '세계', '꿋꿋', '버텨내는', '삶', '관', '우화', '읽히는', '경이', '로운', '책']","['방송', '계', '퓰리처상', '피버디상', '수상자', '룰루', '밀러', '사랑', '혼돈', '과학', '집착', '관', '경이', '롭고', '충격', '데뷔', '작', '방송', '계', '퓰리처상', '불리는', '피어', '버디', '수상한', '과학', '전문', '기자', '룰루', '밀러', '경이', '로운', '논픽션', '물고기', '존재', '않는다는', '여러', '언론', '매체', '최고', '책', '선정', '수많은', '찬사', '받은', '화제', '베스트셀러', '집착', '가까울', '자연계', '질서', '부여', '하려', '했던', '세기', '과학자', '삶', '흥미롭게', '좇아가', '책', '독자', '혼돈', '복판', '데려가서', '믿고', '있던', '삶', '질서', '관해', '의문', '기한', '물고기', '존재', '않는다는', '엄연한', '그렇다면', '잘못', '알', '있을까', '말', '에게는', '질문', '살아가는', '데', '아무런', '영향', '미치지', '않을', '바라보는', '진실한', '관계', '한층', '가까이', '다가가기', '위해', '노력', '에게는', '분명히', '책', '놀라운', '영감', '한쪽', '치우치지', '않는', '폭넓은', '시야', '제공', '줄', '물고기', '존재', '않는다면', '세계', '관해', '아직', '모르고', '뭐', '있을까', '범주', '무너질', '일까', '구름', '생명', '존재', '있을까', '알겠는가', '해왕성', '다이아몬드', '비', '내린다는데', '정말', '과학자', '알아냈다', '오래', '검토', '할수록', '이상한', '곳', '밝혀질', '쪽']"
공정하다는 착각,마이클 샌델 함규진,와이즈베리,년 월 일,,사회 정치,"['정의', '열풍', '불러일으켰다', '세', '최연', '소', '하버드', '대학교', '교수', '되었고', '세', '자유', '주의', '이론', '대가', '존', '롤스', '정의론', '비판', '자유', '주의', '정의', '한계', '발표', '세계', '명성', '얻었다', '하버드', '대학교', '정치철학', '가르치고', '있으며', '수업', '학생', '사이', '최고', '명', '강의', '손', '꼽힌다', '존', '롤스', '정의', '분야', '세계', '학자', '인정받는', '명실', '공', '히', '시대', '최고', '석', '학', '이자', '철학', '계', '록스타', '대표', '저서', '정의', '란', '인가', '돈', '없는', '정치', '도덕', '말', '완벽', '대한', '반론', '정의', '한계', '마이클', '샌델', '중국', '만나다는', '중국', '철학', '연구자', '마이클', '샌델', '이론', '저작', '동양', '철학', '분석', '평론', '대한', '샌델', '모은', '동', '서양', '철학', '대화', '살펴봄으로써', '마이클', '샌델', '정의', '새롭게', '경험', '있을']","['마이클', '샌데', '만의', '신간', '공정하다는', '착각', '출', '간', '샌델', '기울어진', '사회', '구조', '이면', '도사', '린', '능력', '주의', '덫', '해체', '또다시', '공정', '화두', '언론', '미디어', '부유', '층', '빈곤층', '청년', '장년', '정치인', '입', '끊임없이', '쏟아져', '나온다', '기업', '정규직', '비정규직', '논란', '비롯', '공정', '채용', '문제', '혼란', '빠져', '정치권', '에선', '공정', '경', '제법', '재난', '지', '원금', '대한', '각기', '해석', '떠들썩하다', '대통령', '공정', '불공정', '부르는', '상황', '언급', '하며', '어려움', '토로', '하기도', '이렇듯', '공정', '이라는', '화두', '두고', '각계', '각층', '충돌', '상황', '마이클', '샌델', '하버드대', '교수', '돈', '없는', '만에', '쓴', '신간', '공정하다는', '착각', '출', '간', '되었다', '책', '란', '원', '제로', '미국', '현지', '출', '간', '되어', '뜨거운', '반응', '얻고', '직역', '능력', '주의', '폭정', '공', '동선', '만드나', '샌델', '책', '노력', '성공할', '있다고', '너무나도', '당연히', '해왔던', '개인', '능력', '사하고', '보상', '주는', '능력', '주의', '근본', '크게', '잘', '못', '되어', '있다고', '주장', '능력', '주의', '제대로', '공정하게', '작동', '있는지', '공정함', '정의', '란', '공식', '정말', '맞는', '진지하게', '되', '짚어', '본다']"
부자 아빠 가난한 아빠 주년 특별 기념판,로버트 기요사키 안진환,민음인,년 월 일,,경제 경영,"['재테크', '분야', '고전', '손꼽히는', '부자', '가난한', '시리즈', '세계', '수천만', '돈', '대한', '인식', '바꿔', '놓았다', '사업가', '이자', '교육자', '이며', '나아가', '일자리', '창', '출', '사업가', '필요하다고', '믿는', '투자가', '돈', '투자', '대해', '기존', '통념', '대조', '사고방식', '직설', '화법', '대담한', '태도', '국제', '명성', '떨치고', '돈', '투자', '금융', '경제', '복잡한', '개념', '단순하게', '설명', '놀라운', '재능', '지녔으며', '재정', '자유', '얻게', '여정', '담은', '이야기', '세대', '국적', '초월', '다양한', '독자', '울림', '주었다', '좋은', '일자리', '얻어서', '돈', '모아', '빚', '갚고', '장기', '분산', '투자', '기존', '충고', '한물간', '구식', '이라고', '평', '집은', '자산', '아니다', '현금', '흐름', '얻기', '위해', '투자', '라', '저축', '패배', '주장', '커다란', '논란', '일으켰지만', '가르침', '철학', '지난', '연간', '임', '증명', '되었다', '부자', '가난한', '비롯', '권', '저서', '펴냈으며', '책', '세계', '베스트셀러', '명단', '굳건', '히', '자리', '지키고', '금융', '교육', '회사', '리치', '대드', '컴퍼니', '설립', '많은', '경제', '안정', '가는', '길', '안내', '한편', '언론', '매체', '래', '리', '킹', '라이브', '오프라', '쇼', '비롯', '다양한', '프로그램', '출연', '투자', '경제', '성공', '대한', '해답', '제시']","['세계', '가장', '팔린', '경', '경영', '서', '부자', '가난한', '주년', '기념', '업그레이드', '에디', '션', '출', '간', '세계', '금융', '변화', '맞춘', '개', '코멘트', '토론', '실천', '위', '스터디', '세션', '분량', '내용', '추가', '미국', '출', '간', '세계', '언어', '개국', '출판', '되어', '부국', '부가', '판매', '경제', '경영', '재테크', '분야', '최고', '밀리언셀러', '부자', '가난한', '시리즈', '세월', '검증', '부자', '돈', '투자', '대한', '지침', '오늘날', '시대', '맞춘', '새로운', '정보', '추가', '부자', '가난한', '주년', '특별', '기념', '판이', '민음', '출', '간', '되었다', '지난', '연간', '독자', '가장', '많은', '사랑', '받아', '온', '부자', '가난한', '내용', '세계', '금융', '변화', '맞춘', '개', '토론', '실천', '위', '스터디', '세션', '원고지', '분량', '추가', '업그레이드', '에디', '션', '돈', '대한', '선입관', '깨뜨리는', '파격', '내용', '세월', '흘러도', '변치', '않는', '투자', '원칙', '비트코인', '광풍', '부동산', '경매', '시장', '활기', '다양한', '양상', '투자', '대한', '관심', '높아지고', '오늘날', '에도', '돈', '투자', '흔들리지', '않는', '기준', '되어', '줄', '책', '독자', '파고든', '이유', '돈', '대한', '상식', '뒤집었기', '저자', '가난한', '이유', '돈', '없', '아니라', '돈', '금기', '시', '며', '금융', '지식', '멀리', '사고', '문화', '이라고', '말', '저자', '가난한', '공부', '했지만', '늘', '카드', '대금', '청구', '서', '주택', '융', '자금', '시달렸다', '돈', '좋아하는', '모든', '악의', '근원', '공부', '좋은', '직장', '해야지', '위험', '피하', '안정', '살아라', '반면', '부자', '정규', '교육', '제대로', '받지', '못', '했지만', '금융', '터득', '하여', '막대', '부를', '쌓았다', '돈', '부족한', '모든', '악의', '근원', '공부', '좋은', '회사', '차려', '라', '똑똑한', '고용', '해야', '위험', '관리', '법', '배워야', '책', '저자', '유년', '시절', '겪은', '두', '가난한', '사람과', '부자', '사고방식', '비교', '직설', '화법', '몰입도', '스토리텔링', '경제', '대한', '기초', '상식', '자산', '부채', '개념', '성공', '투자', '위', '금융', '기르는', '비법', '이해', '있도록', '쉽고', '명쾌하게']"
미드나잇 라이브러리  평행우주 에디션,매트 헤이그 노진선,인플루엔셜,년 월 일,,소설시희곡,"['영국', '요크셔', '출신', '동화', '작가', '겸', '소설가', '출', '간', '첫', '소설', '영국', '가족', '비롯', '하여', '편의', '성인', '대상', '작품', '편의', '동화', '청소년', '소설', '발표', '해왔다', '대', '초반', '정신', '위기', '맞은', '절벽', '끝', '서서', '스스로', '생', '마감', '하려던', '우울증', '불안장애', '깨닫고', '사랑', '사람과', '가족', '도움', '받아', '건강', '회복했다', '오랜', '독서', '글쓰기', '싸운', '끝', '전업', '작', '가로', '삶', '시작', '글', '이란', '어둠', '속', '발견', '일종', '구원', '셈이었다기', '발', '상상력', '유머', '위트', '더해진', '작품', '아동', '성인', '세대', '막론', '독자', '많은', '호평', '특히', '출', '간', '미드나이트', '라이브러리', '뉴욕타임스', '베스트셀러', '영국', '아마존', '종합', '베스트셀러', '독일', '슈피겔', '주', '연속', '베스트셀러', '되며', '세계', '약', '부가', '판매', '되었다', '저자', '개인', '이야기', '담은', '에세이', '발표', '우울증', '극복', '과정', '담은', '지나는', '법', '영국', '위', '권', '머무는', '장기', '베스트셀러', '오르며', '마음', '건강', '대한', '시대', '가장', '영향력', '작가', '평', '미드나이트', '라이브러리', '주인공', '후회', '책', '펼쳤지만', '현실', '세계', '위로', '책', '가장', '두운', '밤', '에도', '빛', '찾을', '있다는', '희망', '메시지', '발견', '있을', '요크셔', '주', '셰필드', '태어나', '헐', '대학교', '영문학', '역사', '공부', '했고', '리즈', '대학교', '석사', '과정', '마쳤다', '뉴욕', '타임스', '재능', '탁월한', '작가', '라고', '극찬', '했고', '선데이', '익스', '프레', '스', '상상력', '풍부한', '젊은', '작가', '라고', '평', '기발한', '상상력', '유머', '위트', '더해진', '작품', '독자', '큰', '공감', '위로', '주며', '많은', '사랑', '받고', '첫', '판타지', '동화', '그림자', '숲', '비밀', '출', '간되', '해리', '포터', '마법사', '돌이', '받았던', '영국', '어린이', '직접', '선정', '상인', '레슬리', '스마', '티', '즈', '어워드', '수상', '카네기', '메달', '최종', '후보', '세', '번', '오르면서', '동화', '작', '가로서도', '인정', '부모님', '갑작스러운', '죽음', '시작', '그림자', '숲', '비밀', '영국', '전통', '판타지', '동화', '맥', '이으며', '매트', '헤이그', '어린이', '책', '작가', '로서', '가능성', '활짝', '열어', '주었다', '저자', '두', '번째', '소설', '에코', '보이므로', '소설', '인공', '지능', '가진', '에코', '위해', '온갖', '미래', '배경', '외계인', '유머', '위트', '삶', '들여다본', '소설', '휴먼', '외계인', '기록', '에드거상', '최종', '후보', '올랐고', '영화', '판권', '팔려', '작가', '직접', '각본', '쓰고', '우울증', '극복', '과정', '담은', '에세이', '살아야', '이유', '영국', '베스트셀러', '되며', '마음', '건강', '대하', '시대', '가장', '영향력', '작가', '자리매', '김', '주요', '작품', '휴먼', '영국', '가족', '리들리', '가족', '있으며', '어린이', '청소년', '위', '책', '썼다', '작품', '세계', '개', '언어', '번역', '되었다', '아내', '안드레아', '살아야', '천', '이유', '주는', '두', '루카스', '펄', '요크셔']","['밤', '시', '죽기', '에만', '열리는', '마법', '도서관', '두', '번째', '기회', '드립니다', '국내', '주요', '서점', '종합', '베스트셀러', '위', '책', '선정', '뉴욕타임스', '베스트셀러', '위', '영국', '아마존', '종합', '베스트셀러', '위', '매트', '헤이그', '소설', '미드나이트', '라이브러리', '출', '간', '만에', '독자', '마음', '사로잡으며', '눈물', '웃음', '뭉클한', '감동', '선사', '죽기로', '결심', '주인공', '노라', '시드', '삶', '죽음', '사이', '존재', '미스터리', '도서관', '미드나이트', '라이브러리', '눈', '뜨며', '두', '번째', '기회', '얻는', '소설', '노라의', '가장', '완벽한', '삶', '찾는', '모험', '따라가며', '있', '음', '살아가는', '대한', '깊은', '통찰', '보여준다', '책', '덮는', '기대', '된다', '반려', '책', '만났다', '다시', '봐야겠다는', '힘', '얻었다', '책', '읽은', '독자', '뜨거운', '반응', '힘', '입어', '주요', '서점', '책', '선정', '되었고', '열기', '되고', '삶', '대한', '공감', '삶', '대한', '긍정', '살아야', '이유', '깊은', '통찰', '력', '매트', '헤이그', '작가', '보내는', '공감', '위로', '메시지', '세대', '성별', '아우르며', '세계', '독자', '마음', '사로잡았다', '뉴욕타임스', '베스트셀러', '위', '영국', '아마존', '종합', '베스트셀러', '위', '기록', '했고', '미국', '아마존', '뉴욕타임스', '주', '독일', '슈피겔', '에서도', '주', '연속', '장기', '베스트셀러', '올랐다', '덴마크', '이탈리아', '스페인', '루마니아', '타이완', '이란', '세계', '각지', '출', '간되', '며', '글로벌', '인기', '누리']"
지구 끝의 온실,김초엽,자이언트북스,년 월 일,,소설시희곡,"['소설가', '년생', '포스텍', '화학', '전공', '생화학', '석사', '학위', '관내', '분실', '빛', '속도', '없다', '면', '과학', '문학상', '중단', '편', '대상', '가작', '수상하며', '작품', '활동', '시작', '쓴', '책', '소설', '집', '빛', '속도', '없다면', '원통', '안', '소녀', '지은', '책', '사이보그', '되다가', '여러', '앤솔러지', '참여', '작가', '문학동네', '젊은', '작가', '수상했다', '우주', '대해', '상상', '걸', '좋아하지만', '우주', '직접', '가고', '싶지는', '않은', '작가', '환상', '시공간', '여행', '외계', '행성', '탐사', '이야기', '열광한다', '취미', '두', '달마', '바뀌는데', '가장', '오래', '가는', '건', '게임', '집', '모든', '종류', '게임', '콘솔', '커다란', '스크린', '구비', '게임방', '만들고', '스스로', '완전히', '격리', '계획', '세우고']","['김', '초연', '첫', '장편소설', '간절히', '기다려', '온', '이야기', '이미', '폭넓은', '독자', '층', '형성', '하며', '열렬한', '사랑', '받고', '김', '초연', '작가', '스트로', '멸망한', '세계', '첫', '장편소설', '무대', '삼았다', '지난해', '말', '플랫폼', '연재', '발표', '이야기', '반년', '훌쩍', '넘는', '수정', '한층', '무르', '익도록', '만들었다', '장', '구성', '세부', '장면', '문장', '완전히', '새롭게', '탄생', '지구', '끝', '온실', '드디어', '독자', '만난다', '지구', '끝', '온실', '자이언트', '북스', '번째', '도서', '김중혁', '첫', '시리즈', '소설', '초인', '간', '배명훈', '장편소설', '빙글빙글', '우주', '군', '국문학', '빛나는', '명의', '작가', '즐거움', '키', '워드', '쓴', '단편소설', '묶은', '앤솔로지', '놀이터', '시', '작가', '자유로운', '상상력', '응원', '하며', '가장', '작품', '선보일', '있도록', '해온', '자이언트', '북스', '주인공', '긴', '초엽', '지구', '끝', '온실', '출', '간하였다']"
삶을 위한 철학수업,이진경,문학동네,년 월 일,,인문,"['환기', '사회', '토대', '분석', '사회', '성', '체론', '사회과학', '방법론', '써서', '세', '이진경', '이라는', '필명', '얻었다', '본명', '박태호', '서울대', '사회학', '졸업', '같은', '대학', '대학원', '논문', '서구', '근', '대적', '주거', '공간', '대한', '공간', '사회학', '연구', '박사학위', '지식', '공동체', '수유너머', '연구', '활동', '하며', '과학기술대', '기', '초교', '학부', '강의', '사회주의', '붕괴', '근대성', '천', '착해', '철학', '굴뚝', '청소부', '썼고', '자본주의', '근대성', '변혁', '모색', '마르크스', '주의', '근대성', '근', '대적', '시공간', '탄생', '이진경', '필로', '시네마', '썼다', '푸코', '들뢰즈', '가타', '리', '철학', '자본주의', '외부', '삶', '탈주', '꿈꾸며', '노마디즘', '철학', '외부', '역사', '공간', '불온', '존재론', '권', '책', '냈다']","['철학', '삶', '원', '하리', '라', '앞', '생', '기꺼이', '사랑', '철학', '본연', '용도', '시대', '대표', '철학자', '이진경', '자유', '이름', '호명', '일상', '혁명', '삶', '인가', '잃어버린', '목소리', '깨우는', '삶', '구원', '위', '최초', '발명품', '어쩌면', '철학', '이었을지도', '모른다', '지혜', '대한', '사랑', '으로서의', '필로', '소피아', '삶', '대한', '사랑', '뜻', '필로', '비', '오스', '이름', '철학', '인가', '지혜', '삶', '구원', '위', '아니었던가', '거리', '철학자', '이진경', '잘', '사는', '방법', '근원', '에서부터', '다시', '성찰', '삶', '위', '철학', '책', '출', '간', '문학동네', '시대', '명', '강의', '시리즈', '번째', '책', '네이버', '문학동네', '카페', '독자', '교감', '하며', '교류', '일상', '철학', '이야기', '롯', '묶은', '책', '책', '주제', '요약', '된다', '남', '삶', '지', '말고', '남', '꿈', '꾸지', '말고', '자유', '찾으라', '저자', '소개', '본명', '박태호', '사회', '성', '체론', '사회과학', '방법론', '이란', '책', '내면', '서', '했던', '필명', '이진경', '뜻', '밖에', '명', '얻으면서', '본명', '잃어버렸다', '전태일', '광주', '시민', '유령', '떠돌던', '시절', '대학', '들어가', '유령', '홀려', '뜻', '않게', '강의실', '아닌', '거리', '대학시절', '보냈고', '대학', '마칠', '엔', '혁명', '꿈꾸는', '지하', '생활자', '되었다', '감옥', '겪은', '사회주의', '사회', '붕괴', '희망이', '절망', '이름', '있', '음', '알', '게', '되었고', '얻은', '물음', '들고', '여러', '영역', '돌아다니며', '답', '찾고', '철학', '굴뚝', '청소부', '히치하이커', '철학', '여행', '노마디즘', '불온', '존재론', '철학', '책', '썼고', '수학', '몽상', '이라는', '대중', '수학사', '책', '쓰기', '했으며', '필로', '시네마', '제목', '영화', '책', '썼다', '서울대', '사회', '학과', '학위', '받았는데', '박사', '논문', '서양', '건축사', '근', '대적', '주거', '공간', '탄생', '마르크스', '주의', '근대성', '자본', '넘어선', '자본', '미래', '마르크스', '주의', '코뮌', '주의', '대중', '흐름', '맑스', '책', '썼고', '뻔', '뻔한', '시대', '줌', '정치', '칼럼', '집', '내기', '연구자', '공동체', '수유', '무', '활동', '서', '울', '과학기술대', '강의']"
시선으로부터,정세랑,문학동네,년 월 일,,소설시희곡,"['태어났다', '판타스틱', '발표', '하며', '작품', '활동', '시작', '가까이', '창비', '장편소설', '피', '프티', '피플', '일보', '문학상', '소설', '집', '옥상', '만나요', '목소리', '드릴게요', '장편소설', '덧니', '보고', '싶어', '지구', '한아', '뿐', '재인', '재욱', '재훈', '보건', '교사', '안은영', '시선', '으로부터', '산문', '집', '지구인', '지구', '사랑', '순', '없어']","['소설', '세기', '낸', '바치는', '세기', '사랑', '국문학', '당', '올', '따스함', '정세랑', '신작', '장편소설', '독창', '목소리', '세계관', '구축', '소설', '시대', '현실', '단단히', '발', '딛고', '나아가는', '이야기', '폭넓은', '작품', '세계', '늘', '새로운', '놀라', '움', '선사', '했던', '정세랑', '작가', '동명', '소설', '원작', '제작', '넷플릭스', '드라마', '보건', '교사', '안은영', '경미', '감독', '정유미', '자연', '제작', '중인', '케이팝', '드라마', '루미', '네이션', '각본', '집필', '하며', '활동', '반경', '넓혀가고', '장편소설', '시선', '으로부터', '돌아왔다', '시선', '으로부터는', '구상', '완성', '걸린', '대작', '일보', '문학상', '수상한', '피', '프티', '피플', '만에', '내놓는', '신작', '장편소설', '시선', '으로부터는', '오픈', '웹진', '문학동네', '개', '월간', '연재', '되었으며', '문학동네', '연재', '후', '출', '간', '첫', '소설', '이기도']"
세계사를 바꾼 가지 신소재,사토 겐타로 송은애,북라이프,년 월 일,,역사,"['연월일', '효고현', '태어나', '도쿄대', '이과', '대학교', '학부', '응용화학', '졸업', '했으며', '도쿄', '공업', '대학교', '대학원', '유기', '합성', '화학', '공부', '이바라키현', '쓰쿠바', '시', '제약회사', '연구원', '당시', '경험', '유기화학', '세계', '특별한', '흥미', '느끼게', '계기', '되었다', '인터넷', '에로', '분자', '이미지', '제작', '유기화학', '기사', '집필', '하여', '올렸는데', '글', '큰', '인기', '얻으면서', '분야', '최고', '전문가', '이자', '스타', '저자', '자리매', '김', '말', '글쓰기', '전념', '위해', '회사', '사직서', '냈으며', '퇴직', '후', '과학', '전문', '프리랜서', '활동', '주로', '화학', '잡지', '칼럼', '연재', '이메일', '매거진', '유기화학', '집필', '제작', '하여', '발송', '하며', '강연', '활동', '활발히', '의약품', '크라이시스', '과학', '저널리스트', '받았으며', '화학', '커뮤니케이션', '상도', '주요', '저서', '탄소', '문명', '론', '의약품', '크라이시스', '제로', '리스크', '사회', '덫']","['새로운', '재료', '능력', '무한', '끌어', '올리는', '열쇠', '역사', '과학', '재료', '관점', '바라본', '신', '개념', '역사', '책', '조앤', '롤링', '쓴', '세계', '베스트셀러', '해리', '포터', '마법', '세계', '특별한', '공간', '다루고', '판타지', '소설', '독자', '시선', '사로잡는', '화려한', '물건', '등장', '그중', '투명', '망토', '주인공', '해리', '투명', '망토', '비밀', '장소', '몰래', '들어가거나', '적의', '시선', '피하', '며', '어려운', '문제', '척척', '해결', '투명', '망토', '상상', '속', '에만', '존재', '일까', '미래', '혁신', '바꿀', '재료', '메타', '물질', '불리는', '빛', '구부러지는', '나타내는', '굴절률', '마이너스', '물질', '가리키는데', '자연계', '없지만', '미세한', '크기', '금속', '코일', '구현', '있을', '기대', '된다', '메타', '물질', '물체', '덮으면', '속', '물체', '반사', '빛', '메타', '물질', '표면', '돌아', '들어가', '보는', '눈', '도달', '덮인', '물체', '감지', '되지', '않고', '뒤', '물체', '그대로', '보이', '게', '된다', '판타지', '소설', '영화', '나올', '법', '일이', '현실', '화', '되고', '베스트셀러', '세계사', '바꾼', '약', '약', '이라는', '독특한', '소재', '인류', '생존', '역사', '맛깔나게', '풀어', '낸', '사토', '겐타', '범위', '넓혀', '만든', '대표', '물질', '들고', '찾아왔다', '전작', '약', '되지', '않았다면', '이는', '역사', '속', '다룬', '책', '혁신', '물질', '발견', '역사', '만들어졌는지', '펼쳐', '보이', '며', '필연', '역사', '흥미진진', '풀어', '낸다', '책', '물질', '발견', '되었는지', '사건', '세계', '연결', '되고', '바뀌었는지를', '미시', '관점', '역사', '꿰뚫는', '한편', '과학', '칼럼니스트', '해박', '지식', '역사', '과학', '긴밀하게', '연결해', '독자', '사로잡는다']"
예스리커버 완전한 행복,정유정,은행나무,년 월 일,,소설시희곡,"['소설가', '전남', '함평', '출생', '대학', '시절', '국문과', '소설', '숙제', '써', '주면서', '창작', '대한', '갈증', '달랬고', '직장', '다닐', '감각', '잃지', '않기', '위해', '홀로', '무수', '히', '쓰고', '버리는', '고독', '시절', '보내기도', '하였다', '소설', '쓰는', '세계', '발', '딛고', '어른', '창턱', '손', '뻗는', '중학교', '학년', '아들', '성장', '모습', '스스로', '지나', '온', '십', '대의', '기억', '속', '또래', '에너지', '변덕', '스러', '움', '한순간', '영악', '함', '같은', '심리', '상태', '생생하게', '떠올랐으며', '유쾌하게', '종횡무진', '이야기', '끌', '가는', '입심', '돋보인다는', '평', '걸친', '구상', '집필', '끝', '탄생', '스프링', '캠프', '천만', '원', '고료', '세계', '청소년', '문학상', '수상', '문단', '주목', '받기', '시작', '등단', '쏟아지는', '원고', '청탁', '거절', '치밀한', '자료', '조사', '취재', '바탕', '심장', '쏴라', '집필', '에만', '몰두해', '다시', '억', '원', '고료', '세계문학', '수상하는', '영예', '안았고', '작품', '심사', '위원', '강렬한', '주', '의식', '탁월한', '구성', '스토리', '관통', '유머', '반전', '빼어나다는', '평', '들었다', '스프링', '캠프', '날', '갑자기', '낯선', '뛰어든', '열', '세', '애송이', '펼치는', '개판', '여행', '청룡열차', '탄', '같은', '속', '도감', '문체', '유머', '가득', '담긴', '입담', '속', '펼쳐지는', '십', '대들의', '풋풋한', '사랑', '비밀스러운', '성장', '이야기', '담았다', '차기작', '심장', '쏴라는', '정신병원', '배경', '옥죄', '운명', '맞서', '새로운', '향', '탈출', '꿈꾸는', '두', '젊은이', '고군', '분투', '정신병원', '형상', '화한다', '작가', '말', '운명', '생존', '이야기', '가깝게', '삶', '죽음', '의미', '배운', '작가', '간호사', '했던', '경험', '죽음', '대한', '특별한', '게', '했다는', '점', '전달', '하였다', '심사', '위원', '강렬한', '주', '의식', '탁월한', '구성', '스토리', '관통', '유머', '반전', '빼어나다는', '평', '들었다', '발표', '장편소설', '밤', '종', '기원', '주요', '언론', '서점', '책', '선정', '되며', '큰', '화제', '모았고', '영미권', '비롯', '프랑스', '독일', '핀란드', '중국', '일본', '브라질', '해외', '개국', '번역', '출판', '되면서', '많은', '독자', '사랑', '받고', '에도', '에세이', '정유', '정의', '히말라야', '환상', '방황', '정', '유정', '이야기', '이야기', '하다가', '진', '지니', '완전한', '행복', '출', '간']","['다시', '정', '유정', '자기애', '늪', '빠진', '삶은', '위태', '로운', '압도', '서사', '위', '정교하고', '서늘한', '공포', '기다린', '정', '유정', '스프링', '캠프', '심장', '쏴라', '밤', '종', '기원', '진', '지니', '발표', '작품', '독자', '열광', '지지', '받으며', '국문학', '대체', '불가한', '작가', '자리매', '김', '정유', '정이', '신작', '완전한', '행복', '돌아왔다', '쪽', '꽉', '채운', '압도', '서사', '적재적소', '타격', '속', '도감', '문장', '치밀하고', '정교하게', '쌓아', '올린', '플롯', '독자', '눈', '작', '열', '생생한', '묘사', '정', '유정', '만의', '스타일', '가감', '없이', '보여주는', '한편', '완숙', '해진', '서스펜스', '심연', '대한', '밀도', '높은', '질문', '가득', '찬', '수작', '완전한', '행복', '버스', '다니지', '않는', '버려진', '시골', '집', '늪', '사는', '오리', '먹이기', '위해', '오리', '먹이', '만드는', '뒷모습', '시작', '된다', '그녀', '딸', '집', '찾은', '얼굴', '비춘다', '얼굴', '맞대고', '웃고', '있지만', '추구', '서로', '행복', '서서히', '불협화음', '만들어', '낸다', '기묘한', '불협화음', '늪', '들려오는', '괴기한', '오리', '소리', '공명', '하며', '불안', '그림자', '드리운다', '행복', '위해', '노력', '노력', '할수록', '깊이', '빠져드는', '늪', '그림자', '점점', '깊은', '어둠', '가족', '이끈다']"
트렌드 코리아 ,김난도 전미영 최지혜 이향은 이준영,미래의창,년 월 일,,경제 경영,"['교수', '트렌드', '연구자', '컨설턴트', '작가', '서울대학교', '생활', '과학', '대학', '학과', '학생', '가르치고', '생활', '과학', '연구소', '소비', '트렌드', '분석', '센터', '이끌며', '소비', '트렌드', '연구', '서울대학교', '교육', '매일경제', '신문', '정진기', '언론', '문화상', '학회', '최우수', '논문', '정책', '학회', '학술', '갤럽', '최우수', '논문', '지도', '마케팅', '협회', '공로상', '한중', '경영', '대상', '한중', '경제', '협력', '수상했다', '코웨이', '아모레퍼시픽', '에버랜드', '현대', '자동차', '텔레콤', '그룹', '신한카드', '외식산업', '연구원', '신세계', '그룹', '경영', '경제', '연구소', '롯데', '마트', '제일기획', '라마', '이스터', '플라자', '여러', '주요', '기업', '자문', '하며', '이론', '지식', '실무', '경험', '시너지', '도모', '데도', '힘', '쏟고', '해피', '김난도', '트렌드', '플러스', '라디오', '프로그램', '진행', '했으며', '형', '대규모', '온라인', '공', '개강', '좌', '시장', '이라는', '강좌', '운영', '유튜브', '채널', '트렌들', '코리아', '개설', '트렌드', '콘텐츠', '업로드', '째', '트렌드', '코리아', '시리즈', '매년', '집필', '하며', '언택트', '뉴트', '세포', '마켓', '필', '환경', '가심', '비', '편리', '미엄', '코나미', '트렌드', '신조어', '발표', '바', '외', '에도', '트렌드', '코리아', '영문', '판', '트렌드', '로드', '뉴욕', '임파', '서', '블', '트렌드', '차이나', '공저', '럭셔리', '코리아', '소비', '트렌드', '경', '경', '영서', '아프니까', '청춘', '천', '번', '흔들려야', '어른', '된다', '김난도', '웅크린', '삶', '이니까', '에세이', '출', '간']","['검은', '호랑이', '힘차게', '포효', '되', '기를', '죽', '이지', '못', '강하게', '만든다', '니체', '말', '넘는', '팬데믹', '속', '에서도', '삶', '이어', '왔고', '고통', '절망', '속', '에서도', '미래', '대한', '희망', '끈', '놓지', '않았다', '획기', '거침', '없는', '기술', '발전', '꿈꾸던', '더욱', '앞당기고', '미', '증', '유의', '전염병', '현명하게', '공생', '위드', '코로나', '준비', '강해지고', '검은', '호랑이', '맞아', '서울대', '소비', '트렌드', '분석', '센터', '개', '키', '워드', '두운', '이로', '잡았다', '팬데믹', '위기', '상황', '잘', '대처', '하느냐', '기업', '진화', '속도', '빠른', '니', '즈', '맞출', '인가', '나아가', '유권자', '마음', '얻을', '인가', '거침', '없이', '포효', '호랑이', '될', '인가', '고양이', '될', '인가', '큰', '갈림길', '놓여']"
채식주의자,한강,창비,년 월 일,,소설시희곡,"['늦은', '태어났다', '연세대', '국문과', '졸업', '뒤', '문학', '사회', '시를', '발표', '이듬해', '신문', '신춘문예', '단편소설', '붉은', '닻', '당선', '되어', '작품', '활동', '시작', '장편소설', '검은', '사슴', '그대', '차가운', '손', '채식주의자', '바람', '분다', '가라', '희랍어', '소년', '온다', '소설', '집', '여수', '사랑', '열매', '노랑', '무늬', '영원', '시집', '서랍', '저녁', '넣어', '두었다', '만해문학상', '황순원문학상', '동리', '문학상', '이상문학상', '젊은', '예술가', '소설', '문학상', '수상했다', '한편', '출', '간', '채식주의자', '판', '출', '간', '대한', '호평', '기사', '뉴욕타임스', '여러', '언론', '소개', '되고', '맨', '부', '커', '인터내셔널', '수상하며', '폭력', '성과', '존엄', '질문', '던지는', '한강', '작품', '대한', '국내외', '관심', '높아지고', '만해문학상', '수상작', '소년', '온다의', '해외', '번역', '판권', '개국', '팔리며', '국문학', '활기', '해주고']","['인터내셔널', '부', '커', '산클레멘테', '문학상', '수상', '작전', '세계', '주목', '한강', '역작', '다시', '만나다', '인터내셔널', '부', '커', '수상하며', '국문학', '입지', '단계', '확장', '시킨', '한강', '장편소설', '채식주의자', '만에', '새로운', '장정', '선보인다', '상처', '받은', '영혼', '고통', '식물', '상상력', '강렬한', '결합', '정교한', '구성', '흡인', '력', '문체', '보여주는', '작품', '섬뜩한', '아름다', '움', '미학', '한강', '만의', '방식', '완성', '역작', '탄탄하고', '정교하며', '충격', '작품', '독자', '마음', '아마도', '꿈', '오래도록', '머물', '이라는', '평', '받으며', '인터내셔널', '부', '커', '수상했던', '채식주의자', '미국', '문학계', '파문', '일으키면서도', '독자', '공명', '보인다', '뉴욕타임스', '놀라울', '아름다운', '산문', '믿을', '없을', '폭력', '내용', '조합', '충격', '가디언', '크라는', '해외', '서평', '받았고', '스페인', '산클레멘테', '문학상', '받는', '세계', '뜨거운', '반응', '일으켰다', '국내', '부', '가까이', '판매', '되었다', '채식주의자', '날', '육식', '거부', '하며', '가족', '갈등', '빚기', '시작', '영혜', '중심', '인물', '등장', '장편소설', '소설', '영혜', '둘러싼', '세', '인물', '남편', '형부', '시선', '서술', '되며', '영혜', '단', '번', '주도', '화', '위치', '얻지', '못', '가족', '이름', '자행', '가부장', '폭력', '폭력', '저항', '하며', '금식', '동물성', '벗어던지고', '나무', '되고자', '영혜', '보여주는', '식물', '상상력', '경지', '모든', '세대', '독자', '아우르며', '크나큰', '공명', '이루어', '낼']"
다시 시작하는 사람들을 위한 심리학 수업,앤디 앤드루스 김은경,홍익출판미디어그룹 ,년 월 일,,자기계발,"['미국', '가장', '영향력', '인물', '명', '꼽혀', '온', '앤디', '앤드루스', '베스트셀러', '작가', '이자', '방송인', '세계', '규모', '자랑', '기업', '인기', '전문', '강의', '자료', '활동', '중이', '세계', '개국', '웹사이트', '팟캐스트', '전문', '통찰', '구독', '하며', '전하', '메시지', '공유', '명의', '역대', '미국', '대통령', '요청', '백악관', '연설', '바', '앤디', '앤드루스', '세계', '수백만', '부가', '팔린', '폰더', '씨', '위대한', '뉴욕타임스', '베스트셀러', '바꿔주는', '존스', '할아버지', '낡은', '여행', '가방', '여러', '권', '책', '썼다', '앨라배마주', '오렌지', '비치', '아내', '폴리', '두', '아들']","['삶', '탁월한', '성과', '얻는', '노하우', '주위', '노력', '열정', '제한', '스스로', '서서히', '옥죄', '덫', '최선', '했어', '최고', '거야', '이렇게', '일이', '상상력', '능력', '가로막는', '말', '분명한', '그러한', '진실한', '없다는', '세계', '베스트셀러', '작가', '이자', '역대', '명의', '미국', '대통령', '앞', '연설', '앤디', '앤드루스', '미국', '가장', '영향력', '인물', '명', '꼽혀', '왔다', '변화', '열망', '수많은', '독자', '삶', '냉철하게', '돌아보도록', '만들었던', '다시', '시작', '위', '심리학', '수업', '스스로', '틀', '갇힌', '위', '안내', '자처']"
한없이 사악하고 더없이 관대한,리처드 랭엄 이유,을유문화사,년 월 일,,자연과학,"['하버드', '대학교', '진화생물학', '교수', '옥스퍼드대', '동물학', '전공', '아프리카', '탄자니아', '곰배', '국립', '공원', '침팬지', '행동', '학', '연구', '결과', '바탕', '케임브리지대', '동물학', '박사', '학위', '미국', '건너간', '미시간', '대학교', '거쳐', '하버드', '대학교', '인류학', '교수', '재직', '했으며', '뜻', '몇몇', '학자', '진화생물학', '새로운', '학과', '만들어', '독립', '우간다', '야생', '침팬지', '연구', '왔다', '맥아더', '재단', '펠로십', '수상했으며', '미국', '예술', '과학', '아카데미', '영국학사원', '회원', '전쟁', '살인', '폭력', '성의', '기원', '수컷', '영장류', '와의', '비교', '연구', '파헤쳐', '논란', '화제', '낳았던', '첫', '대중', '서', '악마', '같은', '남성', '만에', '단독', '저술', '출', '간', '책', '요리', '본능', '책', '없던', '새로운', '아이디어', '설득', '력', '탄탄한', '논', '거들로', '인해', '출', '간', '네이처', '사이언티', '픽', '아메리칸', '과학계', '중요', '잡지', '포함', '뉴욕', '타임스', '워싱턴', '포스트', '가디언', '텔레', '그래프', '세계', '영향력', '언론', '집중', '조명', '뿐', '아니라', '구르', '메', '비롯', '유명', '요리', '잡지', '요리', '인기', '방송', '프로그램', '에도', '초청', '받았을', '요리', '업계', '뜨거운', '반응', '이끌어', '내었다', '요리', '본능', '등정', '주요', '내용', '실험', '냉엄', '과의', '인터뷰', '토대', '요리', '만들었는가라는', '제목', '다큐멘터리', '제작', '방영']","['책', '때로는', '한없이', '사악하고', '때로는', '더없이', '관대한', '본성', '수수께끼', '진화', '탐구', '풀어', '가는', '책', '하버드', '대학교', '진화생물학', '교수', '이자', '저명한', '진화', '인류학자', '리처드', '냉엄', '책', '길들이기', '흥미로운', '개념', '풍부한', '연구', '바탕', '폭력', '타', '주의', '전쟁', '협력', '사형', '도덕', '중요한', '주제', '다가간다', '괴롭히고', '강한', '야만', '성', '맞서는', '사회', '관용', '통제', '필요성', '설득', '력', '있게', '주장']"
쇼코의 미소,최은영,문학동네,년 월 일,,소설시희곡,"['삼색', '고양이', '날', '태어나', '삼색', '고양이', '고등어', '고양이', '사는', '소설가', '타고난', '집', '수이', '장기간', '세계', '꿈꾼다', '여행', '글쓰기', '고양이', '바다', '잠', '좋아한다', '콤플렉스', '약점', '이라고', '여겼던', '힘', '살아가고', '경기', '광명', '태어났으며', '고려대학교', '국어', '국문학', '졸업', '본격', '작품', '활동', '시작', '지은', '책', '소설', '집', '쇼코', '미소', '무', '해한', '장편소설', '밝은', '밤', '문학동네', '젊은', '작가', '허균', '문학', '작가', '김준성', '문학상', '이해', '소설', '문학상', '구상', '문학상', '젊은', '작가', '일보', '문학상', '대산문학상', '수상했다']","['소설가', '로서', '최은영', '가장', '큰', '미덕', '탐구', '든', '근사한', '이야기', '들려준다는', '점', '그녀', '앞', '쓰게', '될', '근사한', '이야기', '책', '시작', '김연수', '소설가', '겨울', '작가', '세계', '신인상', '중편소설', '쇼코', '미소', '당선', '되어', '등단', '작품', '젊은', '작가', '수상하면서', '많은', '특별한', '인상', '다가갔던', '신인', '소설가', '말', '특별한', '인상', '발표', '작품', '이라고는', '등단', '작', '쇼코', '미소', '편', '밖에', '없는', '신인', '작가', '등단', '지', '채', '두', '달이', '되지', '않은', '시점', '젊은', '작가', '수상했다는', '만을', '의미', '않는다', '마다의', '날카로운', '감식', '안', '지닌', '소설가', '평론가', '공통', '감상', '이끌어', '냈다는', '점', '특별함이', '갑론', '박도', '없이', '에게서', '동일한', '평가', '받는', '작품', '탁월한', '소설', '말', '하려는', '아니다', '등단', '작', '대해', '흔히', '걸게', '기대', '기존', '작품', '구별', '낯섦', '전위', '대한', '요구', '물러나', '별다른', '기교', '없이', '담백하게', '이야기', '풀어', '나가고', '정통', '방식', '읽는', '이의', '마음', '움직였다는', '쇼코', '미소', '지닌', '특별함이', '담겨', '고레', '에다', '히로', '카', '즈', '누', '잇신', '감독', '영화', '모든', '영역', '진실하다는', '문학평론가', '신형철', '준다는', '그로', '소설', '주는', '감동', '이란', '인가', '새삼', '보게', '만들었다', '소설가', '임철우', '최은영', '등단', '초기', '선천', '눈', '위', '약한', '있듯이', '마음', '특별히', '약해서', '쉽게', '부서지는', '법', '이라고', '전혀', '짐작', '없는', '고통', '앞', '겸손히', '귀', '열고', '싶다고', '밝혀', '왔다', '최은영', '시선', '닿는', '곳', '에나', '자리', '터', '총', '편의', '작품', '수록', '최은영', '첫', '소설', '집', '쇼코', '미소', '마음', '흘러갈', '정밀', '물매', '만들어', '냄으로써', '자리', '이끈다']"
돈으로 살 수 없는 것들,마이클 샌델 안기순 김선욱,와이즈베리,년 월 일,,사회 정치,"['정의', '열풍', '불러일으켰다', '세', '최연', '소', '하버드', '대학교', '교수', '되었고', '세', '자유', '주의', '이론', '대가', '존', '롤스', '정의론', '비판', '자유', '주의', '정의', '한계', '발표', '세계', '명성', '얻었다', '하버드', '대학교', '정치철학', '가르치고', '있으며', '수업', '학생', '사이', '최고', '명', '강의', '손', '꼽힌다', '존', '롤스', '정의', '분야', '세계', '학자', '인정받는', '명실', '공', '히', '시대', '최고', '석', '학', '이자', '철학', '계', '록스타', '대표', '저서', '정의', '란', '인가', '돈', '없는', '정치', '도덕', '말', '완벽', '대한', '반론', '정의', '한계', '마이클', '샌델', '중국', '만나다는', '중국', '철학', '연구자', '마이클', '샌델', '이론', '저작', '동양', '철학', '분석', '평론', '대한', '샌델', '모은', '동', '서양', '철학', '대화', '살펴봄으로써', '마이클', '샌델', '정의', '새롭게', '경험', '있을']","['시장', '항상', '옳을까', '모든', '사고파는', '사회', '마이클', '샌델', '해부', '돈', '없는', '가치', '결정', '하는가는', '정의', '가로', '화제', '모았던', '마이클', '샌델', '시장', '도덕', '한계', '시', '장지', '주의', '맹점', '대하', '논의', '책', '책', '옥스퍼드대', '강의', '에서부터', '시작', '하여', '봄', '학기', '이름', '하버드', '대학교', '철학', '강의', '개설', '연간', '철저히', '준비']"
미움받을 용기 만 부 기념 스페셜 에디션,기시미 이치로 고가 후미타케 전경아 김정운,인플루엔셜,년 월 일,,인문,"['철학자', '교토', '대학교', '대학원', '문학연구', '박사', '과정', '수료', '했으며', '고등학생', '철학', '뜻', '두어', '전공', '철학', '에서도', '서양', '고대', '철학', '특히', '플라톤', '철학', '병행', '아들러', '심리학', '연구', '일본', '아들러', '심리', '학회', '고문', '프로이트', '융', '심리학', '대', '거장', '컬', '지는', '알프레드', '아들러', '심리학', '정수', '담은', '미움', '받을', '용기', '세계', '반향', '일으켰다', '아들러', '열풍', '몰고', '왔던', '아들러', '심리학', '대', '철학', '관', '집필', '강연', '활동', '펼치며', '수많은', '상대로', '카운슬러', '역할', '해주고', '기시', '미', '이치로', '삶', '죽음', '아직', '긴', '남았습니다', '아들러', '성격', '상담', '소', '아들러', '심리학', '읽는', '밤', '마흔', '행복해질', '용기', '많은', '도서', '국내', '번역', '소개', '되었다', '저자', '최신', '작', '철학', '잊은', '리더', '에게는', '아들러', '사상', '시작', '리더', '철학자', '대화', '형식', '엮', '책', '책', '좋은', '리더', '될', '인가', '철학', '질문', '명쾌하면서도', '묵직한', '해답', '제시', '줄']","['독자', '선택', '시대', '새로운', '고전', '주', '연속', '역대', '최', '장기간', '베스트셀러', '위', '세계', '부', '돌파', '글로벌', '베스트셀러', '모든', '인간관계', '비롯', '된다', '미움', '받는', '두려워하지', '마라', '모든', '용기', '문제', '변화', '원한다', '자유로운', '삶', '성공', '삶', '행복한', '삶', '쉽게', '핑계', '대고', '쉽게', '포기', '되돌아보자', '능력', '있었더라면', '부잣집', '태어났더라면', '참고', '견디면', '나아지겠지라며', '환경', '탓', '거나', '현실', '외면', '지는', '않았는지', '말', '변할', '행복해질', '있다고', '단언', '철학자', '그간', '상식', '컬', '지', '던', '프로이트', '원', '인론', '정면', '부정', '하며', '자유도', '행복', '용기', '문', '제일', '뿐', '환경', '능력', '문제', '아님을', '보여준', '알프레드', '아들러', '출', '간', '돼', '주', '연속', '베스트셀러', '위', '기록', '하며', '대한민국', '아들러', '열풍', '일으킨', '책', '미움', '받을', '용기', '국내', '부', '판매', '기념', '하며', '리', '커버', '에디', '션', '독자', '찾아왔다', '리', '커버', '연간', '변함', '없는', '사랑', '보내준', '독자', '보내는', '두', '저자', '친서', '세련된', '디자인', '따뜻한', '삽화', '새', '옷', '입었다', '오랫동안', '아들러', '연구', '온', '철학자', '기시', '미', '이치로', '혜안', '일본', '대표', '스토리텔링', '작가', '고가', '후미', '타게의', '필', '력', '돋보이는', '미움', '받을', '용기', '개국', '번역', '출', '간', '되었으며', '세계', '누적', '판매', '부를', '돌파', '경이', '기록', '세우기도', '프로이트', '융', '심리학', '대', '거장', '불리는', '아들러', '능력', '환경', '과거', '트라우마', '든지', '변할', '존재', '이며', '이를', '위', '해서는', '나를', '그대로', '받아들이고', '눈앞', '놓인', '문제', '직시', '용기', '필요하다고', '말', '책', '자유로워질', '용기', '평범해질', '용기', '미움', '받을', '용기', '자유', '롭고', '행복한', '삶', '위', '아들러', '가르침', '철학자', '청년', '대화', '형식', '엮어', '행복한', '인가', '본연', '질문', '쉽고', '명쾌한', '해답', '제시', '준다']"
사람 장소 환대,김현경,문학과지성사,년 월 일,,인문,"['서울대학교', '인류학', '공부', '프랑스', '건너가', '사회과학', '고등', '연구원', '역사', '문명', '전공', '박사학위', '학위', '논문', '근대화', '해외', '유학', '관행', '대한', '돌아온', '뒤', '서울대', '덕성여대', '연세대', '인류학', '가르쳤다', '독립', '연구자', '로서', '정체', '성', '추구', '있으며', '학술', '논문', '에도', '대중', '에세이', '에도', '속', '않는', '새로운', '글쓰기', '형식', '실험', '지은', '책', '장소', '환대', '공간', '주권', '으로의', '초대', '공저', '옮긴', '책', '으로는', '언어', '상징', '권력', '역사', '쓰는', '가공', '역']","['장소', '환대', '세', '개념', '중심', '사회', '다시', '정의', '사회', '성원', '권', '환대', '문제', '오랜', '기간', '연구', '해온', '인류학자', '김현경', '첫', '저서', '장소', '환대', '문학', '지', '성사', '출', '간', '되었다', '들어오고', '되는가', '이기', '받아들여진', '인가', '받아들여졌기', '인가', '다시', '말', '이라는', '지위', '인가', '조건', '인가', '조건', '부의', '환대', '역시', '환대', '라고', '있을까', '주어진', '환대', '라도', '철회', '될', '있다면', '진정한', '의미', '환대', '되지', '않은', '게', '아닐까', '책', '질문', '답', '하며', '사회', '시계', '가진', '구조', '총', '체', '벌집', '재생산', '실천', '주체', '재생산', '구조', '비유', '조', '기능주의', '벗어나', '장소', '환대', '세', '개념', '중심', '사회', '다시', '정의', '목표', '삼는다']"
다른 방식으로 보기,존 버거 최민,열화당,년 월 일,,예술,"['미술', '비평가', '사진', '이론가', '소설가', '다큐멘터리', '작가', '사회', '비평가', '널리', '알려져', '미술', '평론', '시작', '점차', '관심', '활동', '영역', '넓혀', '예술', '인문', '사회', '걸쳐', '깊고', '명쾌한', '관점', '제시', '중년', '프랑스', '동부', '알프스', '산록', '위치', '시골', '농촌', '마을', '옮겨', '살면서', '생', '마감', '농사일', '글쓰기', '저서', '피카소', '성공', '실패', '예술', '혁명', '방식', '보기', '본다는', '의미', '말', '하기의', '방법', '센스', '사이트', '사진', '덧', '없는', '얼굴', '존', '버거', '글', '쓴', '사진', '모든', '소중히', '하라', '백내장', '벤', '투', '스케치북', '아내', '빈', '방', '사진', '이해', '스모크', '아는', '모든', '언어', '초상', '풍경', '소설', '시대', '화가', '만나는', '곳', '가에게', '킹', '삼부작', '노동', '끈질긴', '땅', '한때', '유로파', '라일락', '깃발']","['존', '버거', '미술', '평론가', '널리', '알려지게', '작품', '초판', '발행', '미술', '전공자', '필독', '서', '이자', '일반인', '교양', '서', '로서', '사랑', '받아', '온', '국내', '에서도', '이미', '출판사', '세', '곳', '소개', '되었으나', '번역', '상의', '오류', '또는', '여러', '모로', '미진한', '많았다', '책', '곰', '브리', '치의', '서양미술', '사의', '역자', '정평', '예술', '종합', '영상', '원장', '최민', '번역', '새롭게', '단장', '역자', '존', '버거', '간결한', '언어', '담긴', '난해함을', '텍스트', '이미지', '대한', '깊은', '이해', '친절히', '풀어내며', '독자', '이미지', '세계', '안내', '이미지', '텍스트', '읽히', '기를', '바랐던', '원작', '자의', '의도', '살려', '원작', '같은', '순서', '이미지', '텍스트', '흐르도록', '편집', '전통', '미술사', '미술', '평론', '미술', '작품', '볼', '작품', '감상', '방식', '태도', '있다고', '가정', '정답', '과도', '같은', '감상', '법', '존재', '한다고', '믿는', '존', '버거', '감상', '법', '어딘가', '잘', '못', '또는', '편협', '방식', '있다고', '주장', '책', '바탕', '방영', '같은', '제목', '텔레비전', '시리즈', '강의', '존', '버거', '기존', '아카데믹', '보는', '방식', '대해', '근본', '재', '검토', '요청']"
팩트풀니스,한스 로슬링 올라 로슬링 안나 로슬링 뢴룬드 이창신,김영사,년 월 일,,인문,"['스웨덴', '웁살라', '태어나', '웁살라', '대학교', '통계', '의학', '인도', '벵갈루루', '성', '요한', '의과', '대학교', '공중', '보건', '공부', '했으며', '의사', '자격', '얻었다', '모잠비크', '칼라', '지역', '보건', '담당자', '콘도', '알려진', '마비', '증세', '일으키는', '질병', '발견', '연구', '웁살라', '대학교', '의학', '박사학위', '스톡홀름', '의과대학', '카롤린', '스카', '연구소', '세계', '보건', '교수', '근무', '스웨덴', '국경', '없는', '사회', '공동', '설립', '세계보건기구', '유니세프', '구호', '기구', '고문', '지냈으며', '스웨덴', '과학', '아카데미', '국제', '그룹', '스위스', '세계', '경제', '포럼', '세계', '어젠다', '네트워크', '회원', '활동', '통계', '기쁨', '겁', '내지', '말', '관', '진실', '겁', '내지', '말', '가난', '끝내기', '세', '편의', '다큐멘터리', '기획', '진행', '공로', '그리어', '손상', '수상했다', '하버드', '대학교', '수여', '인도', '주의', '웁살라', '대학교', '명예', '박사학위', '아들', '올라', '레슬링', '며느리', '안', '레슬링', '뢴룬드', '갭', '마인더', '재단', '세웠다', '금융기관', '기업', '비', '정부', '기구', '다양한', '곳', '강연', '했으며', '번의', '테드', '강연', '조회', '수만', '돌파', '뜨거운', '화제', '모았다', '나은', '곳', '만드는', '데', '평생', '헌신', '해온', '팩트', '풀러', '집필', '데', '몰두하던', '연월일', '떠났다']","['빌', '게이츠', '미국', '모든', '대학', '졸업생', '직접', '선물', '화제', '책', '강력한', '바탕', '정확하게', '바라보는', '방법', '담은', '혁명', '저작', '세계', '확증편향', '기승', '부리는', '탈진', '실의', '시대', '막연한', '두려움', '편견', '이기는', '팩트', '중요성', '깨우는', '세계', '역작', '세계', '이해', '위', '문제', '평균', '정답', '률', '침팬지', '침팬지', '이기', '지', '못', '하는가', '똑똑하고', '현명한', '일수록', '모습', '정확히', '알', '지', '못', '인식', '비합리적', '본능', '밝히고', '착각', '달리', '나날이', '진보', '있', '음', '명확한', '데이터', '통계', '증명', '놀라운', '통찰', '바라보는', '방식', '바꾸고', '미래', '위기', '기회', '대처', '위해', '읽어야', '필', '독서', '책', '출', '간과', '동시', '세계', '지성', '계', '사로잡으며', '뜨거운', '화제', '모았다', '버락', '오바마', '대통령', '읽어야', '책', '목록', '권', '하나로', '추천', '스티븐', '핑커', '하버드', '대학', '심리학', '교수', '풍부한', '데이터', '인지', '과정', '잘', '못', '길', '이끌', '있는지를', '합리', '설명', '책', '네이처', '읽는', '만으로도', '세계관', '완전히', '뒤', '바뀔', '거', '라며', '극찬', '옵서버', '금세기', '최고', '책', '선정', '했고', '뉴욕타임스', '월스트리트저널', '가디언', '선데이타임스', '유수', '언론', '베스트셀러', '오르며', '출', '간', '만에', '부를', '돌파', '기록', '세웠다', '세계', '확증편향', '기승', '부리는', '탈진', '실의', '시대', '팩트', '풀', '막연한', '두려움', '편견', '이기는', '팩트', '중요성', '깨우는', '역작', '빈곤', '교육', '환경', '에너지', '인구', '다양한', '영역', '세계', '세계', '간극', '좁히고', '선입견', '깨는', '통찰', '시한', '편견', '달리', '나날이', '진보', '있', '음', '충실한', '명확한', '데이터', '통계', '이를', '낱낱이', '증명', '빌', '게이츠', '사회', '진출', '청춘', '책', '선물', '이유', '나아지고', '있다는', '긍정', '심어주는', '동시', '신념', '부합', '하는지', '돌아보라는', '충고', '이기도', '우물', '안', '갇혀', '살기', '올바르게', '사는', '데', '관심', '있다면', '세계관', '흔쾌히', '바꿀', '마음', '있다면', '본능', '반응', '비판', '사고', '준비', '되었다면', '책', '읽어', '보기', '바란다', '사회', '나아갈', '방향', '에도', '중요한', '이정표', '되어줄']"
어서 오세요 휴남동 서점입니다,황보름,클레이하우스,년 월 일,,소설시희곡,"['대학', '컴퓨터공학', '전공', '소프트웨어', '번의', '입사', '퇴사', '반복', '하면서도', '읽고', '쓰는', '으로서의', '정체', '성은', '잃지', '않고', '지은', '책', '읽겠습니다', '난생처음', '킥복싱', '거리', '좋다']","['받아들여지고', '있다는', '이렇게', '슬프고도', '좋을', '줄', '이야', '브런치', '북', '전자책', '출판', '프로젝트', '수상작', '독자', '요청', '쇄도', '전격', '종이', '책', '출', '간', '책', '서점', '새로운', '관계', '만들고', '스스로', '일어서기', '위해', '애쓰는', '이야기', '깊이', '있게', '펼쳐진다', '소설가', '김금희', '심사평', '에나', '있을', '같은', '동네', '후미진', '골목길', '오가는', '많지', '않은', '가정', '집', '사이', '평범한', '동네', '서점', '들어선다', '남동', '서점', '슬픈', '사연', '갖고', '얼굴', '아무런', '의욕', '보이지', '않는', '서점', '주인', '영주', '달', '간', '손님', '듯', '않고', '가만히', '앉아', '책', '읽는다', '그렇게', '잃어버린', '되찾는', '기분', '하루하루', '보내다', '소진', '되고', '텅', '빈', '같았던', '내면', '서서히', '사라진다', '그러다', '깨닫는다', '꽤', '건강해졌다는', '남동', '서점', '완전히', '새로운', '공간', '된다', '모이', '감정', '모이', '마다의', '이야기', '모이는', '공간', '바리스타', '민준', '로스팅', '대표', '지미', '작가', '승', '우', '단골', '손님', '정서', '사는', '게', '재미없는', '고등학생', '민철', '희주', '크고', '작은', '상처', '희망', '가진', '남동', '서점', '이라는', '공간', '안식처', '삼아', '살아가는', '법', '배운다', '오세요', '남동', '서점', '입니다는', '잃어버린', '채', '있지만', '사는', '데', '꼭', '필요한', '가득한', '책', '배려', '친절', '거리', '지킬', '줄', '아는', '끼리', '우정', '느슨한', '연대', '진솔하고', '깊이', '대화', '출', '간', '전자책', '베스트셀러', '오르며', '수많은', '독자', '찬사', '받은', '소설', '독자', '강력한', '요청', '마침내', '종이', '책', '다시', '태어났다']"
살아있다는 건,김산하,갈라파고스,년 월 일,,자연과학,"['일본', '시모노세키', '출생', '외교관', '이던', '일본', '스리랑카', '덴마크', '자라면서', '다양한', '자연환경', '접', '했으며', '국제', '협력', '단', '단원', '인도네시아', '페루', '등지', '돌', '며', '봉사', '활동', '서울대학교', '동', '물자원', '과학', '졸업', '같은', '대학교', '생명', '과학부', '대학원', '석사', '학위', '인도네시아', '구눙', '할라', '문', '국립공원', '자바', '긴', '원숭이', '연구', '우리나라', '최초', '야생', '영장류학자', '예술', '감성', '인문학', '소양', '두루', '갖춘', '과학자', '생태학', '로서', '자연', '동물', '관찰', '연구', '뿐', '아니라', '생태학', '예술', '융합', '작업', '에도', '관심', '가져', '영국', '크랜필드', '대학교', '디자인', '센터', '박사', '후', '연구원', '지냈다', '이화여자대', '에코', '과학부', '연구원', '이자', '생명', '다양성', '재단', '사무국', '장', '맡고', '있으며', '어린이', '청소년', '지역', '사회', '동물', '환경', '위', '보전', '운동', '펼쳐', '나갈', '있도록', '돕는', '제인', '구달', '연구소', '뿌리', '새싹', '프로그램', '지', '부장', '활동', '동생', '이자', '일러스트레이션', '작가', '김한민', '자라나는', '어린이', '자연', '생태계', '환경', '중요성', '알리는', '그림', '동화', '시리즈', '출', '간', '했으며', '저서', '습지', '주의자', '김', '산', '야생', '숲']","['과학', '미처', '보지', '못', '작은', '존재', '고유', '함', '살아있', '음', '관', '하여', '야생', '영장류학자', '김산', '허가', '자연', '으로부터', '포착', '빛나는', '생명', '이야기', '인도네시아', '야생', '밀림', '긴', '원숭이', '연구', '했던', '작가', '주변', '작은', '존재', '마음', '이끈다', '인공', '물', '사이', '비', '집고', '줌', '흙', '피어', '난', '풀', '얼굴', '모든', '동물', '에게로', '눈', '볼', '순', '없지만', '생명', '생명', '사이', '분명히', '존재', '사랑', '옳고', '그름', '따지지', '않고', '다가올', '미래', '걸음', '앞서', '두려워하지', '않고', '씩씩한', '자세', '살아가는', '존재', '모습', '살아있다는', '의미', '관해', '묻고', '답', '글', '그림', '책', '살아있다는', '건', '담겼다']"
예루살렘의 아이히만,한나 아렌트 김선욱,한길사,년 월 일,,인문,"['연월일', '독일', '하노버', '근교', '무남독녀', '태어났다', '유년기', '청소년기', '쾨니히스베르크', '보냈는데', '유대인', '삶', '이해', '된다', '조숙하고', '명석했던', '그녀', '고등학교', '교사', '반항', '퇴학', '당했지만', '가정교육', '베를린', '대학교', '청강', '거쳐', '마부', '란', '크', '대학교', '진학', '곳', '하이데거', '수학', '현상학', '창시자', '후설', '거쳐', '최종', '으로는', '하이델베르크', '대학교', '실존', '철학자', '야스퍼스', '지도', '사랑', '개념', '성', '아우구스티누스', '논문', '박사학위', '소테', '른', '이혼', '결혼', '하여', '베를린', '정착', '렌트', '정치', '억압', '유대인', '박해', '첨', '차', '심해지던', '독일', '시', '온', '주의자', '위해', '활동', '체포', '되어', '심문', '받은', '뒤', '모든', '뒤로', '프랑스', '망명', '망명', '후', '발터', '베냐민', '많은', '지식인', '만나', '유대인', '운동', '하던', '렌트', '다시', '용소', '갇혔다가', '렌트', '독일', '시인', '이자', '철학자', '하인리히', '블뤼허', '결혼', '렌트', '포함', '하여', '명', '유대계', '망명자', '불법', '비자', '발행', '준', '미국', '외교관', '하이럼', '빙엄', '세', '도움', '남편', '미국', '망명', '렌트', '이르러', '서야', '미국', '시민권', '얻게', '되는데', '프린스턴', '대학', '완전한', '교수', '직', '지명', '받은', '최초', '여성', '되었다', '프랑스', '미국', '경험', '연간', '무국적자', '경험', '바탕', '첫', '번째', '주저', '전체주의', '기원', '출', '간', '정치', '이론가', '로서', '정치', '현', '상의', '근본', '의미', '밝히는', '데', '전념', '본격', '정치', '사상가', '길', '걷는다', '라헬', '바른', '하겐', '유대인', '여성', '삶', '조건', '과거', '미래', '사이', '예루살렘', '아이히만', '악의', '진부', '성', '대한', '보고', '혁명', '론', '두운', '시대', '공화국', '위기', '시민', '불복종', '폭력', '세기', '중요', '저작', '연', '출', '간', '가운데', '혁명', '론', '렌트', '최종', '정치사', '상이', '담겨', '있는데', '헝가리', '혁명', '계기', '혁명', '연구', '관심', '갖게', '되면서', '프린스턴', '대학', '세미나', '미국', '혁명', '정신', '이란', '주제', '강연', '정리', '완결', '지은', '혁명', '론', '새로운', '시작', '자유', '기리', '혁명', '송이', '정치', '학도', '다양한', '정치', '통찰', '력', '제공', '귀중한', '교과서', '로서', '의미', '저작', '렌트', '에버', '딘', '대학', '정신', '삶', '사이', '주제', '기어', '드', '강의', '요청', '받은', '후', '사유', '문제', '집중', '연구', '했으며', '이듬해', '정신', '삶', '지라', '주제', '다시', '강의', '시작', '연구', '진행', '정신', '삶', '판단', '이라는', '주제', '정신', '삶', '부작', '연구', '진행', '하던', '심근경색', '생', '마쳤으며', '남편', '오랫동안', '강의', '뉴욕주', '허드슨', '강', '유역', '애넌', '데일', '바드', '대학', '묻혔다', '그녀', '사후', '정신', '삶', '사이', '정신', '삶', '지지', '출', '간', '되었으며', '완성', '되지', '않은', '부', '판단', '유', '고집', '칸트', '정치철학', '강의', '제목', '출', '간', '되었다', '후', '이미', '발표', '글', '미', '발표', '원고', '주제', '별로', '편집', '하여', '이해', '대한', '에세이', '책임', '판단', '정치', '약속', '유대', '저술', '문학', '문화', '대한', '성찰', '출', '간', '되었다']","['나치', '전범', '아돌프', '아이히만', '독일', '졸링겐', '태어난', '아이히만', '비밀', '나치당', '입당', '했고', '같은', '하인리히', '히믈러', '조직', '나치', '친위대', '정예', '부대', '들어갔다', '히믈러', '국가', '안', '전국', '창설', '했을', '베를린', '유대인', '담당', '부서', '되었다', '베를린', '근교', '나치', '고위', '관리', '모여', '유대인', '문제', '해결', '책', '필요한', '계획', '병참', '업무', '준비', '관', '회의', '열었는데', '아이히만', '문제', '책임', '맡', '음', '대량학살', '뜻', '해결', '책', '집행자', '되었다', '유대인', '식별', '집결', '시켜', '집단', '수용', '소로', '보내', '죽음', '몰아', '넣었다', '전쟁', '뒤', '아이히만', '미군', '붙잡혔으나', '포로수용소', '탈출', '중동', '지역', '전전', '하다가', '부에노스아이레스', '근처', '체포', '되어', '이스라엘', '이송', '되었다', '이스라엘', '정부', '예루살렘', '특별', '법정', '재판', '열었는데', '연월일', '시작', '재판', '아이히만', '교수형', '선고', '아이히만', '뜻', '밖에', '평범했다', '차', '세계대전', '지난', '뒤', '유대인', '학살', '소식', '세계', '알려졌을', '한나', '렌트', '진실', '이라고는', '믿지', '못', '했지만', '소식', '임', '알', '게', '되었다', '유대인', '학살', '주', '범', '아돌프', '아이히만', '이스라엘', '비밀경찰', '잡혀와', '예루살렘', '재판', '받게', '된다는', '소식', '듣게', '된다', '렌트', '예정', '되었던', '대학', '강의', '취소', '미국', '교양', '잡지', '뉴요커', '재정', '지원', '받아', '특파원', '자격', '예루살렘', '가서', '재판', '참관', '된다', '이로써', '책', '예루살렘', '아이히만', '탄생', '예루살렘', '있었던', '아이히만', '재판', '대해', '보고', '렌트', '악의', '평범', '성', '대해', '언급', '하였는데', '이는', '이론', '사상', '의도', '아니라', '엄청난', '규모', '자행', '악행', '현상', '나타내고자', '하였다', '악행', '악행', '작', '특정한', '약점', '병리학', '측면', '또는', '이데올로기', '확신', '근원', '따질', '없는', '악행', '작', '유일한', '인격', '특징', '아마도', '특별한', '천', '박성', '이라고', '있을', '행위', '아무리', '괴물', '같다고', '해도', '행위자', '괴물', '같지도', '악마', '지도', '않았다', '재판', '과정', '앞서', '있었던', '경찰', '심문', '보인', '행동', '뿐', '아니라', '과거', '탐지', '있었던', '유일한', '특징', '전적', '부정', '어리석음', '아니라', '흥미로운', '사유', '진정한', '불능', '성', '한때', '의무', '여겼던', '범죄', '불리', '게', '되었다는', '알았고', '새로운', '판단', '규칙', '언어', '규칙', '불과한', '받아들였던']"
불편한 편의점,김호연,나무옆의자,년 월 일,,소설시희곡,"['영화', '만화', '소설', '넘나', '들며', '온갖', '이야기', '써', '나가는', '천후', '스토리', '텔러', '생', '고려대학교', '인문', '대학', '국어', '국문학', '졸업', '첫', '직장인', '영화사', '공동', '작업', '시나리오', '이중간첩', '영화', '화', '되며', '시나리오', '작가', '되었다', '두', '번째', '직장인', '출판사', '만화', '기획', '자로', '하며', '쓴', '실험', '지대', '부천', '만화', '스토리', '공모전', '대상', '수상하며', '만화', '스토리', '작가', '되었다', '같은', '출판사', '소설', '편집자', '남', '소설', '만지다가', '급기야', '전업', '작가', '나섰다', '젊은', '날', '닥치는', '글쓰기', '실천', '하던', '장편소설', '망원동', '브라더스', '세계문학', '우수상', '수상하며', '소설가', '되었다', '장편소설', '망원동', '브라더스', '연적', '고스트', '라이터', '스', '파우', '스터', '산문', '집', '쓰고', '다시', '쓰고', '끝', '씁니다를', '펴냈고', '영화', '이중간첩', '태양', '쏴라', '시나리오', '남한', '산성', '기획', '참여', '망원동', '브라더스', '동네', '이야기', '시즌', '불편한', '편의점', '출', '간']","['최고', '재미', '감동', '선사', '힐링', '소설', '원조', '주요', '서점', '종합', '베스트셀러', '위', '국립', '중앙', '도서관', '책', '전국', '개', '도시', '책', '해외', '개국', '판권', '수출', '연극', '불편한', '편의점', '절찬', '상연', '불편한데', '자꾸', '가고', '싶은', '편의점', '힘들게', '낸', '위로', '편의점', '밤', '정체', '불명', '알바로', '시작', '웃음', '감동', '나비효과', '망원동', '브라더스', '김호연', '동네', '이야기', '시즌', '세계문학', '우수상', '수상작', '망원동', '브라더스', '데뷔', '후', '일상', '현실', '위트', '있게', '그린', '경쾌한', '작품', '내밀한', '욕망', '기발한', '상상력', '풀어', '낸', '스릴러', '장르', '오가며', '독자', '작품', '세계', '쌓아', '올린', '작가', '김호연', '번째', '장편소설', '불편한', '편의점', '출', '간', '되었다', '불편한', '편의점', '청파동', '골목', '모퉁이', '자리', '잡은', '작은', '편의점', '무대', '힘겨운', '시대', '살아가는', '이웃', '삶', '속', '희로애락', '따뜻하고', '유머러스하게', '담아', '낸', '작품', '망원동', '브라더스', '망원동', '이라는', '공간', '체험', '지리지를', '잘', '활용', '유쾌한', '재미', '공감', '이끌이어', '냈듯', '오래된', '동네', '청파동', '대한', '공감각', '생생하게', '포착', '흥미진진', '동네', '이야기', '탄생', '시켰다', '서울역', '노숙인', '생활', '하던', '독고', '날', '대', '여성', '지갑', '주워', '준', '인연', '그녀', '운영', '편의점', '야간', '아르바이트', '이야기', '시작', '된다', '덩', '치가', '곰', '같은', '사내', '알코올', '성', '치매', '과거', '기억', '못', '데', '말', '어눌하고', '행동', '굼떠', '손님', '제대로', '있을까', '구심', '갖게', '웬걸', '의외로', '꽤', '잘', '해낼', '뿐', '아니라', '주변', '묘', '사로잡으면서', '편의점', '밤', '지키는', '든든한', '일꾼', '되어', '간다', '현', '실감', '넘치는', '캐릭터', '간의', '상호작용', '점', '입가', '경', '형상', '화하는', '데', '일가견', '작가', '작품', '답', '게', '소설', '에서도', '독특한', '개성', '사연', '지닌', '인물', '차례', '등장', '서로', '티격태격하', '며', '별난', '관계', '형성', '간다', '고등학교', '역사', '가르치다', '정년', '퇴', '임하여', '매사', '교사', '본능', '발동', '편의점', '사장', '염', '여사', '필', '두', '대', '취준생', '알바', '시', '현', '대', '생계', '형', '알바', '여사', '밤', '야외', '테이블', '참깨', '라면', '참치', '김밥', '참이슬', '세트', '혼술', '하며', '스트레스', '푸는', '회사원', '경만', '이라는', '각오', '청파동', '글', '쓰러', '들어온', '대', '희곡작가', '인경', '호시탐탐', '편의점', '팔아치울', '기회', '엿보는', '염', '여사', '아들', '민', '식', '민', '식', '의뢰', '받아', '독고', '뒤', '캐는', '사설탐정', '곽', '녹록', '지', '않은', '무게', '현실', '문제', '안고', '시선', '독고', '관찰', '과정', '발생', '오해', '대립', '충돌', '반전', '이해', '공감', '자주', '폭소', '자아내고', '울컥', '눈시울', '붉어지게', '그렇게', '골목길', '작은', '편의점', '불편하기', '짝', '없는', '곳', '이었다가', '고단', '삶', '위로', '웃음', '나누는', '특별한', '공간', '된다']"
사피엔스,유발 하라리 조현욱 이태수,김영사,년 월 일,,인문,"['이스라엘', '하이파', '태어나', '영국', '옥스퍼드', '대학교', '중세', '전쟁사', '박사학위', '예루살렘', '히', '브리', '대학교', '역사학', '교수', '재직', '중이', '역사', '생물학', '관계', '호모', '사피', '엔', '스', '동물', '본질', '차이', '역사', '진보', '방향성', '역사', '속', '행복', '문제', '광범위한', '질문', '주제', '연구', '인문학', '분야', '창의성', '독창', '성', '대한', '블론', '스키', '수상했고', '군대', '역사', '관', '논문', '몬카', '수상했다', '이스라엘', '아카데미', '사이언스', '선정', '되었고', '다보스', '열린', '세계', '경', '포럼', '인류', '미래', '관해', '기', '조', '연설', '호모', '데', '우스', '독일', '유력', '경제', '지인', '델스블', '라트', '꼽', '가장', '통찰', '력', '영향력', '경제', '도서', '선정', '되었다기', '선', '세기', '사피', '엔', '스', '위해', '인류', '과거', '미래', '탐색', '인류', '부작', '사피', '엔', '스', '호모', '데', '우스', '세기', '위', '제언', '세계', '개국', '출', '간', '되어', '부', '글로벌', '베스트셀러', '되면서', '세기', '사상계', '신데렐라', '떠오른', '유발', '하라', '리', '유발', '하라', '리', '르네상스', '전쟁', '회고록', '인류', '부작', '사상', '배경', '선행', '연구', '하라', '리', '옥스퍼드', '대학교', '박사학위', '논문', '역사', '미래', '바라보는', '새', '롭고', '대담한', '관점', '제시', '하라', '리', '사상', '원류', '일별', '차례']","['출', '간', '주년', '쇄', '부', '기념', '유발', '하라', '리', '특별', '서문', '수록', '인공', '지능', '시대', '알아야', '코딩', '마음', '역사', '미래', '대한', '가장', '논쟁', '대담한', '대', '서사', '문명', '배', '타고', '진화', '바다', '항해', '인류', '나아갈', '인가', '책', '사랑', '밖에', '없다', '재러드', '다이아몬드', '천재', '사상가', '뉴욕타임스', '유발', '하라', '리', '대표', '작', '사피', '엔', '스', '불황', '이라는', '수식어', '전혀', '어색하지', '않은', '국내', '출판', '시장', '에서도', '사피', '엔', '스', '인문', '교양', '분야', '트렌드', '주도하며', '기준', '쇄', '발행', '부', '판매', '놀라운', '기록', '거두고', '인류', '역사', '미래', '종횡무진', '가로지르는', '사피', '엔', '스', '통찰', '불확실하고', '복잡한', '세계', '이해', '대비', '데', '필요하다', '책', '서두', '원서', '출', '간', '돌아보고', '위기', '상황', '맞은', '인류', '건네는', '제언', '특별', '서문', '수록', '되었다', '인류', '어려운', '상황', '맞고', '난국', '헤쳐', '나가기', '위해', '해야', '할까', '저자', '나은', '위', '키', '워드', '이해', '강조', '출', '간', '주년', '서문', '글로벌', '베스트셀러', '출', '간', '개인', '소', '보다는', '유례', '없는', '난관', '헤쳐', '나가기', '위해', '동료', '사피', '엔', '스', '전하', '호소', '담겨']"
근대 한국의 사회 과학 개념 형성사,하영선,창비,년 월 일,,사회 정치,"['서울대학교', '명예', '교수', '이자', '동아시아', '연구원', '이사장', '남북정상회담', '준비', '위원회', '원로', '자문', '회의', '위원', '대통령', '국가', '안보', '문단', '역임', '서울대학교', '외교학', '졸업', '워싱턴', '대학교', '국제', '정치학', '박사', '학위', '서울대학교', '정치', '외교', '학부', '외교학', '전공', '교수', '국제', '문제', '연구소장', '미국', '학연', '소장', '평화', '학회', '회장', '역임', '했고', '서울대', '교육', '수상했다', '국제', '정치', '관', '권', '책', '출', '간', '했으며', '저서', '로는', '하영', '선', '국제', '정치', '칼럼', '역사', '속', '젊은', '세기', '북학파', '세기', '복합', '편저', '로는', '사회과학', '개념', '조공', '정보화', '공', '편', '신흥', '무대', '미', '경쟁', '정보', '세계', '정치학', '공', '편']","['학문', '종', '속', '화', '대한', '문', '의식', '학자', '사이', '퍼져나가면서', '식', '학문', '대한', '독자', '체계', '형성', '하려는', '움직임', '보이', '책', '의미', '출발', '하였으며', '국제', '정치학', '연구', '학자', '모인', '전파', '연구', '모임', '성과', '물이', '사회과학', '모방', '시대', '넘어', '창작', '시대', '나아가기', '위해', '필요한', '출발점', '사회과학', '개념', '온', '인지', '뿌리', '찾아간', '전통', '질서', '서양', '새로운', '근대', '질서', '만나던', '세기', '기점', '하여', '전통', '개념', '근대', '개념', '각출', '서양', '온', '근대', '개념', '도입', '통한', '국제', '정치', '싸움', '근대', '사회과학', '개념', '사회', '내부', '자리', '잡아가는', '과정', '다루었다']"
혼자 공부하는 머신러닝딥러닝,박해선,한빛미디어,년 월 일,, 모바일,"['기계공학', '전공', '했으나', '졸업', '후', '엔', '줄곧', '코드', '읽고', '쓰는', '은로', '활동', '머신', '러닝', '딥', '러닝', '관', '책', '집필', '번역', '소프트웨어', '과학', '경계', '흥미롭게', '탐험', '딥', '러닝', '입문', '이지스퍼블리싱', '집필', '핸즈', '온', '머신', '러닝', '판', '빛', '미디어', '미술관', '딥', '러닝', '실전', '프로젝트', '한빛', '미디어', '파이썬', '활용', '머신', '러닝', '쿡', '북한', '빛', '미디어', '머신', '러닝', '교과서', '파이썬', '사이', '킷런', '텐서', '길벗', '파이썬', '라이브러리', '활용', '머신', '러닝', '한빛', '미디어', '케라시스', '창시자', '배우는', '딥', '러닝', '길벗', '핸즈', '온', '머신', '러닝', '한빛', '미디어', '텐서', '첫걸음', '한빛', '미디어', '우리말', '옮겼다']","['해도', '충분하다', '과외', '듯', '배우는', '인공', '지능', '자습서', '책', '수식', '이론', '무장', '머신', '러닝', '딥', '러닝', '책', '지친', '독학', '입문', '꼭', '필요한', '내용', '제대로', '학습', '있도록', '구성', '구글', '머신', '러닝', '전문가', '활동', '저자', '여러', '차례', '입', '문자', '함께한', '머신', '러닝', '딤', '러닝', '스터디', '번역', '집필', '경험', '학습', '해야', '할지', '모르는', '입문', '자의', '막연함을', '이해', '과외', '선생님', '알려주듯', '친절하게', '핵심', '내용', '콕콕', '집어', '준다', '컴퓨터', '앞', '손', '코딩', '확인', '문제', '풀다', '보면', '그간', '어렵기만', '했던', '머신', '러닝', '딥', '러닝', '개념', '스스로', '익힐', '있을', '베타', '리더', '만든', '입문', '서', '베타', '리딩', '과정', '입문', '적절한', '난이도', '분량', '학습', '요소', '반영', '어려운', '용어', '개념', '번', '풀어', '쓰고', '복잡한', '설명', '눈', '잘', '들어오는', '그림', '풀어', '냈다', '공부', '본', '여러', '입문', '자의', '마음', '눈높이', '책', '곳곳', '반영', '책', '가장', '큰']"
정역학,         고승기,한국맥그로힐 ,년 월 일,,대학교재,[],[]
파친코 ,이민진 신승미,인플루엔셜,년 월 일,,소설시희곡,"['세계', '뜨거운', '관심', '사랑', '받고', '계', '미국인', '소설가', '경계', '으로서의', '날카로운', '시선', '공감', '바탕', '통찰', '력', '복잡다단한', '역사', '본질', '포착', '하며', '제인', '오스틴', '조지', '엘리엇', '잇는', '작가', '찬사', '속', '세계', '작가', '발돋움', '태어난', '작가', '가족', '미국', '뉴욕', '건너갔다', '일대', '역사학', '공부', '후', '조지타운', '대학교', '로스쿨', '졸업', '변호사', '했으나', '건강', '문제', '그만두게', '되면서', '오랜', '꿈이었던', '글쓰기', '시작', '단편소설', '발표', '하며', '주목', '받기', '시작', '했고', '미국', '이민자', '이야기', '담은', '첫', '장편소설', '백만장자', '위', '공짜', '음식', '작가', '로서', '이름', '알렸다도', '번째', '장편소설', '파친코', '작가', '역사학', '학생', '이었던', '자이니치', '라', '불리는', '재일조선인', '이야기', '써야겠다고', '결심', '후', '출', '간', '되기까지', '가까운', '세월', '혼신', '노력', '기울여', '집필', '대작', '일본', '계', '미국인', '남편', '연간', '일본', '머물며', '방대하고', '치밀한', '조사', '취재', '끝', '이야기', '완성', '대에', '걸친', '가족사', '일제강점기', '전쟁', '일본', '버블경제', '이르', '기', '까지의', '역사', '흐름', '속', '다룬', '책', '출', '간', '미국', '사회', '큰', '반향', '일으켰다', '뉴욕타임스', '투데이', '아마존', '개', '넘는', '주요', '매체', '앞', '다투어', '책', '선정', '했고', '미도', '서', '최종', '후보', '올랐다', '개국', '번역', '출', '간되', '며', '세계', '베스트셀러', '오른', '파친코', '새로운', '역사', '써', '나가고', '이민', '진', '작가', '뉴욕', '거주', '하며', '한국인', '디아스포라', '부작', '완결', '될', '세', '번째', '장편소설', '집필', '몰두하고']","['역사', '버렸지만', '상관없다', '역사', '외면', '당', '재일조선인', '가족', '대', '서', '사극', '세계', '감동', '시킨', '이민', '진', '작가', '화', '제작', '파친코', '새롭게', '출', '간', '한국인', '이야기', '주인공', '될', '가치', '가능한', '오래', '한국인', '이야기', '쓰고', '싶다', '독자', '대에', '걸친', '재일조선인', '가족', '이야기', '그린', '세계', '베스트셀러', '이민', '진', '작가', '장편소설', '파친코', '새롭게', '출', '간', '되었다', '파친코', '재미교포', '세대', '이민', '진', '작가', '달', '세월', '걸쳐', '집필', '대하', '소설', '출', '간', '되어', '뉴욕타임스', '베스트셀러', '올랐다', '세계', '개국', '번역', '수출', '되었으며', '아마존', '개', '주요', '매체', '책', '선정', '되었을', '뿐', '아니라', '미도', '서', '최종', '후보', '이름', '올리며', '평단', '대중', '사로잡은', '작품', '버락', '오바마', '미국', '대통령', '으로부터', '회복', '연민', '대한', '강력한', '이야기', '찬사', '받으며', '주목', '지난', '판권', '계약', '종료', '되며', '절판', '되었던', '파친코', '새로운', '번역', '디자인', '독자', '돌아왔다', '첫', '문장', '역사', '버렸지만', '상관없다에서부터', '원문', '의미', '충실하게', '전달', '하고자', '했으며', '작품', '특유', '속', '도감', '문체', '살리고자', '노력', '작가', '의도', '구조', '흐름', '살리기', '위해', '총', '세', '파트', '투', '고향', '부', '모국', '부', '파친코', '원서', '구성', '그대로', '따랐다', '새', '출', '간', '기념', '독자', '보내는', '글', '한국인', '이야기', '쓰는', '이유', '밝혔다', '작가', '매력', '이기', '라며', '한국인', '지적', '으로나', '감성', '으로나', '깊이', '이야기', '주인공', '될', '가치', '들이기에', '앞', '이야기', '젊은', '세대', '들려주고', '싶다며', '독자', '각별', '애정', '표']"
 공업수학 문제풀이 해설,,텍스트북스,년 월 일,,대학교재,[],"['공업', '수학', '판', '문', '제풀이', '해설', '교수', '저술', '공업', '수학', '판', '수록', '연습', '문제', '복습', '문제', '풀이', '집', '책', '가능한', '풀이', '과정', '상세', '히', '기술', '하였기', '노력', '확인', '보조', '교재']"
전력전자공학,노의철 정규범 최남섭,문운당,년 월 일,,대학교재,[],[]
밑바닥부터 시작하는 딥러닝 ,사이토 고키 개앞맵시,한빛미디어,년 월 일,, 모바일,"['나가사키', '현', '쓰시마', '태생', '도쿄', '공업', '대학교', '공', '학부', '졸업', '도쿄', '대학', '대학원', '학', '정보', '학부', '석사', '과정', '수료', '기업', '컴퓨터', '비', '전과', '기계학습', '연구개발', '매진', '오라', '일리', '재팬', '밑바닥', '시작', '딥', '러닝', '집필', '했으며', '실천', '파이썬', '컴퓨터', '시스템', '이론', '구현', '실천', '기계학습', '시스템', '번역']","['직접', '구현', '움직여', '보며', '익히는', '가장', '쉬운', '딥', '러닝', '입문', '서', '책', '라이브러리', '프레임워크', '의존', '않고', '딥', '러닝', '핵심', '밑바닥', '직접', '만들어', '보며', '즐겁게', '배울', '본격', '딥', '러닝', '입', '문서', '술술', '읽힐', '쉽게', '설명', '하였고', '역전', '파', '어려운', '내용', '계산', '그래프', '기법', '풀이', '작동', '코드', '직접', '돌려', '보고', '요리조리', '수정', '보면', '어려운', '이론', '명확하게', '이해', '딥', '러닝', '새롭게', '입문', '하려는', '분과', '기초', '다시금', '정리', '싶은', '현', '업', '연구자', '최고', '책', '될']"
검사내전,김웅,부키,년 월 일,,사회 정치,"['전라남도', '여천군', '태어났다', '서울대학교', '정치학', '졸업', '뒤', '사법시험', '합격', '사법연수원', '수료', '인천', '지', '검', '첫', '경력', '시작', '창원', '지', '검', '진주', '지청', '서', '울', '중앙', '지', '검', '법무부', '법무', '심의', '관실', '광주', '지', '검', '순', '천', '지청', '평', '검사', '생활', '했으며', '광주', '지', '검', '순', '천', '지청', '시작', '서', '울', '남부', '지', '검', '서', '울', '중앙', '지', '검', '부부', '장', '검사', '시절', '보냈다', '광주', '지', '검', '해남', '지청장', '법무부', '법무연수원', '대외', '연', '과장', '거쳐', '첫', '경력', '시작', '인천', '지', '검', '과는', '평생', '인연', '닿지', '않을', '같았던', '공', '안부', '장', '스스로', '조직', '맞지', '않는', '타입', '이라고', '말', '검찰', '에서의', '직장', '생활', '늘', '순탄', '만은', '아니었다', '검사', '로서', '생활', '데', '별', '탈', '없었다고', '덧붙인다', '일반인', '달리', '유연하고', '열려', '조직', '문화', '검사', '직분', '드라마', '속', '에서나', '볼', '법', '거', '악의', '근원', '불의', '일거에', '해결', '데', '우스', '엑스', '마키', '같은', '장치', '아니다', '이름', '드러내기보다', '나사못', '살아가겠다던', '선배', '이야기', '에게는', '생활', '검사', '가장', '가까운', '모습', '비난', '어리둥절해하면서도', '늘', '보람', '꿈꾸는', '후배', '생활', '형', '검사', '봤는데', '그리', '나쁜', '선택', '아니었다는', '말', '해주고', '싶었던', '같다고', '말', '첫', '책', '독자', '만나게', '이유']","['가까이', '현직', '검사', '살아온', '속마음', '생활', '형', '검사', '봤는데', '그리', '나쁜', '선택', '아니었다', '교대역', '곱창', '소주잔', '기울이던', '출판사', '편집자', '중년', '남', '속', '사정', '궁금해서', '이야기', '써', '보라', '했겠는가', '아마', '우리나라', '검사', '사는지', '궁금해', '한다는', '뜻', '이었을', '우리나라', '검사', '애증', '대상', '직업', '없다', '영화', '드라마', '보더', '라도', '지겹도록', '자주', '검사', '등장', '화면', '속', '등장', '검사', '거', '악의', '근원', '이기도', '모든', '불의', '일거에', '해결', '데', '우스', '엑스', '마키', '같은', '장치', '되', '기도', '당연히', '영화', '드라마', '속', '검사', '현실', '아무런', '없다', '책', '검사', '직업', '이면', '실상', '알려주는', '역할', '같지는', '실상', '이란', '본래', '그다지', '재미없는', '법', '검사', '멋지고', '보람', '많다', '사고', '난', '곳', '면', '든', '번개', '달려와', '국민', '생명', '구조', '대원', '굽', '허리', '가파른', '남해', '섬', '비탈', '고사리', '꺾어', '데', '치고', '말리는', '촌로', '있으며', '가족', '위해', '천대', '열악한', '노동', '조건', '에도', '불구', '프레', '스', '기계', '앞', '졸음', '쫓고', '주', '노동자', '비', '검사', '이란', '온실', '속', '화초', '가꾸기', '불과하다', '아니겠지만', '새벽', '새', '열어주는', '청소부', '눈', '여겨', '보지', '않는', '곳', '묵묵히', '형사', '부', '검사', '있긴', '속이는', '권모술수', '승자', '권세', '부리거나', '각광', '훔치는', '같지만', '하루하루', '촌로', '청소부', '생활', '로서', '검사', '검사', '비난', '어리둥절해하면서도', '늘', '보람', '꿈꾸는', '후배', '생활', '형', '검사', '봤는데', '그리', '나쁜', '선택', '아니었다는', '말', '해주고', '싶었던', '무거운', '두운', '미래', '쫓기는', '많으니까', '수달', '제사', '정리', '되지', '않은', '글', '내놓는', '이유', '에필로그', '김웅', '검사', '따르면', '드라마', '영화', '등장', '검사', '모습', '현실', '사이', '항공모함', '서너', '개는', '교행', '있을', '간격', '있다고', '모습', '들여다보고', '상상', '있게', '해준다는', '점', '만으로도', '책', '여러', '권할', '만하', '김웅', '검사', '속', '조직', '물음표', '있는지', '눈', '살아가고', '있는지', '스스로', '질문', '던져', '보는', '기회', '얻을', '있을', '책', '진정한', '가치', '김민섭', '때리', '사회', '지방', '대', '강사', '저자']"
전기전자 기초실험,임헌찬 박구범 김종수 이주원,복두출판사,년 월 일,,대학교재,[],[]
반도체 제국의 미래 ,정인성,이레미디어,년 월 일,,경제 경영,"['서울대학교', '물리학', '부를', '졸업', '하이닉스', '연구원', '근무', '하며', '반도체', '검증', '업무', '반도체', '경제', '차지', '중요성', '비해', '가진', '반도체', '대한', '상식', '정보', '부족하다는', '집필', '결심', '반도체', '제조', '공정', '오늘날', '반도체', '제국', '이룬', '기업', '대응', '전략', '살펴보고', '새로운', '시대', '에도', '승자', '되기', '위', '로드맵', '소개', '산업', '구성원', '이자', '독자', '정보', '전달', '필자', '로서', '세계', '위', '달리는', '메모리', '반도체', '뿐', '아니라', '시스템', '반도체', '분야', '에서도', '반도체', '코리아', '이루는', '데', '일조', '싶은', '바람', '경제', '반도체', '차지', '중요도', '비해', '반도체', '대한', '상식', '정보', '부족하다는', '첫', '책', '반도체', '제국', '미래', '집필', '신', '기술', '대한', '글', '써서', '알려야겠다는', '되었으며', '과정', '옛', '동기', '만나', '인공', '지능', '책', '쓰게', '되었다', '겸', '기술', '작가']","['최신', '개정', '증보', '판', '팹리스', '관점', '보는', '파운드리', '사업', '관', '이해', '양강', '구도', '미래', '미국', '백악관', '반도체', '공급망', '보고서', '발표', '인텔', '새로운', '생태계', '조성', '야심', '반도체', '제조', '역량', '강화', '위', '미국', '글로벌', '기업', '압박', '패권', '차지', '위', '반도체', '산업', '최신', '동향', '파헤친다', '반도체', '파운드리', '업계', '향', '각국', '움직임', '심', '상치', '세계', '최대', '파운드리', '대만', '일본', '신', '공장', '짓기로', '결정', '데', '이어', '미국', '마이크론', '일본', '간', '약', '조', '원', '들여', '시설', '확장', '신규', '공장', '늘리겠다고', '발표', '혹', '반도체', '산업', '회생', '시키기', '위', '일본', '정부', '노력', '결과', '이어진', '평', '미국', '백악관', '발표', '반도체', '공급망', '보고서', '반도체', '제조', '역량', '강화', '위', '각오', '엿보인다', '이를', '증명', '이라도', '하듯', '미국', '자국', '사업', '장', '둔', '글로벌', '반도체', '기업', '하이닉스', '인텔', '반도체', '공급망', '투명', '성', '이유', '내부', '기밀', '가는', '자료', '요구', '나섰다', '공개', '거부', '온', '업계', '위', '미국', '상무부', '자료', '제출', '하기로', '결정', '우리나라', '기업', '대한', '압박', '더욱', '거세질', '예상', '된다', '일련', '반도체', '단순한', '국가', '핵심', '산업', '넘어', '삶', '좌지우지', '생존', '문', '임', '다시', '깨닫게', '한다의', '반도체', '기업', '경쟁력', '전략', '새로운', '승자', '도전', '혁신', '전략', '과정', '기술', '발전', '사례', '데이터', '토대', '설명', '했던', '반도체', '제국', '미래', '혼란', '스러운', '국내외', '반도체', '산업', '환경', '담아', '만에', '개정', '증보', '판', '새롭게', '출', '간', '됐다', '기존', '알찬', '구성', '진공관', '트랜지스터', '모스펫', '진화', '거쳐', '아는', '반도체', '되기까지', '흐름', '알', '있도록', '내용', '추가', '했고', '새', '입하', '며', '새로운', '생태계', '조성', '시도', '인텔', '야심', '엿볼', '기존', '부록', '반도체', '공정', '관', '자세한', '설명', '독자', '이해', '왔다면', '개정', '증보', '판', '향후', '시장', '방향성', '짐작', '있도록', '독자', '첫', '번째', '팹리스', '관점', '파운드리', '사업', '인지', '알아보고', '급변', '파운드리', '시장', '관해', '이해', '하며', '두', '번째', '미국', '백악관', '발표', '반도체', '공급망', '보고서', '내용', '한층', '치열해진', '축전', '기업', '노력', '기울일지', '가늠', '반도체', '산업', '발전', '변화', '속도', '분야', '와도', '비교', '없을', '빠르다', '반도체', '제국', '미래', '저자', '날카로운', '시선', '기업', '구사', '전략', '구체', '생생한', '사례', '데이터', '전문', '지', '기반', '근거', '전망', '합리', '미래', '예측', '선보였다', '개정', '증보', '판', '기존', '핵심', '내용', '업계', '최신', '동향', '덧붙여', '혼란', '스러운', '패권', '다툼', '속', '산업', '향방', '추측', '있도록', '왔다', '권', '반도체', '산업', '과거', '한눈', '돌아보고', '미래', '전망', '있게', '될']"
디지털의 배신,이광석,인물과사상사,년 월 일,,사회 정치,"['테크놀로지', '사회', '문화', '상호', '교차', '접점', '비판', '관심', '갖고', '연구', '비평', '저술', '현장', '활동', '해오고', '미국', '텍사스', '오스틴', '대학', '학과', '박사학위', '받고', '과학기술대', '정책', '대학원', '디지털', '문화', '정책학', '교수', '비판', '문화', '연구', '널', '문화', '과학', '공동', '편집', '활동', '경향신문', '칼럼', '연재', '주요', '연구', '분야', '기술', '문화', '연구', '미디어아트', '행동', '주의', '플랫폼', '커먼스', '인류세', '포스트', '휴먼', '비판', '제작', '문화', '걸쳐', '지은', '책', '으로는', '데이터', '사회', '미학', '데이터', '사회', '비판', '옥상', '미학', '노트', '뉴', '아트', '행동', '주의', '디지털', '야만', '이방', '가르', '드', '기획', '엮', '책', '으로는', '사물', '수작', '부리기', '현대', '기술', '미디어', '철학', '갈래', '불순', '테크놀로지']","['디지털', '배신', '첨단', '신생', '테크놀로지', '선사', '성장', '달콤한', '열매', '만큼이나', '기술', '숭배', '가져온', '부메랑', '살피', '경고', '테크놀로지', '유혹', '덫', '이라는', '계기', '어쩌면', '인지도', '모른다', '인류', '도구', '이성', '기대어', '테크놀로지', '욕망', '할수록', '지', '환경', '삶', '생태', '순환계', '점점', '균열', '가해질', '밖에', '없다', '생태', '균열', '일상', '사회', '노동', '미디어', '생명', '걸쳐', '모든', '영역', '일어나고', '디지털', '배신', '기술', '잉여', '만들어내는', '굴절', '기술', '사회', '혁신', '진보', '슬그머니', '등치', '되거나', '취약', '노동', '기술', '매개', '되어', '편리', '효율', '시장', '논리', '둔갑', '거나', '반', '생태', '기술', '흡사', '청정', '위장', '거나', '기술', '취향', '주조', '하는데도', '이를', '풍요', '자유', '문화', '보는', '허구', '뒤집어', '보고']"
소포클레스 비극 전집,소포클레스 천병희,숲,년 월 일,,소설시희곡,"['소포클레스', '시학', '저자', '아리스토텔레스', '작가', '보다도', '높이', '평가', '했던', '그리스', '극작가', '시학', '비극', '론', '소포클레스', '비극', '토대', '집필', '되었다고', '해도', '과언', '아니다', '괴테', '소포클레스', '칭찬', '소포클레스', '호감', '가는', '없다', '순수하고', '고귀하고', '위대하며', '쾌활하다', '현', '존', '소포클레스', '작품', '편', '밖에', '되지', '않는다는', '유감', '편의', '작품', '일지', '라도', '작품', '읽으면', '읽을수록', '좋게', '느껴진다', '재능', '라면', '작품', '으로부터', '많은', '배울', '있을', '다기', '원전', '그리스', '아테네', '근교', '자리', '잡은', '콜로', '노스', '태어난', '소포클레스', '아테네', '문화', '가장', '성숙했던', '시기', '배우', '동시', '극작가', '활동', '수려', '용모', '배우', '로서', '손색', '없는', '신체', '조건', '갖추고', '배우', '로서', '명성', '날렸다', '기원전', '세', '첫', '작품', '발표', '했고', '이는', '경연', '대회', '편의', '작품', '썼고', '정치', '가로서도', '탁월한', '식견', '지녔던', '소포클레스', '기원전', '델로스', '동맹', '결성', '되었을', '아테네', '동맹국', '재정', '통괄', '재정', '관', '선출', '되었다', '기원전', '페리클레스', '명의', '지휘', '관', '직', '선출', '되었으며', '기원전', '사모스', '섬', '원정', '출전', '장군', '임명', '되', '기도', '평생', '아테네', '살면서', '보여준', '애국심', '진지한', '인품', '시민', '존경', '대상', '되었다', '일생', '편의', '작품', '발표', '했지만', '현', '존', '작품', '편', '뿐', '아이아스', '안티고네', '오이디푸스', '왕', '필록테테스', '엘렉트라', '트', '라', '키스', '인들', '콜로', '노스', '오이디푸스']","['국내', '최초', '그리스', '비극', '완성', '소포클레스', '소포클레스', '비극', '전집', '천병희', '교수', '단국대', '명예', '교수', '번역', '출', '간', '되었다', '오이디푸스', '왕', '안티고네', '콜로', '노스', '오이디푸스', '아이아스', '트', '라', '키스', '인들', '엘렉트라', '필록테테스', '작품', '수록']"
윤성우의 열혈  프로그래밍,윤성우,오렌지미디어,년 월 일,, 모바일,"['벤', '처', '회사', '하다가', '분야', '집필', '강의', '이름', '알려진', '연대', '초반', '까지는', '소프트웨어', '아키텍트', '하다가', '그래픽스', '라이브러리', '구현', '가속', '칩', '크로노스', '그룹', '모바일', '국제', '표준화', '컨소시엄', '표준', '안', '참여', '하였다', '핸드폰', '용', '칩', '에도', '참여', '하였으며', '액', '시스', '소프트', '록', '있으면서', '웹', '기반', '설루션', '관심', '갖고', '날', '조깅', '하며', '다양한', '구상', '저자', '방법론', '근거', '소프트웨어', '설계', '전문가', '모든', '분야', '활발히', '활동', '하여', '소프트웨어', '발전', '기여', '해야', '한다는', '갖고', '프로그래밍', '공부', '모르는', '없을', '같은', '베스트셀러', '저자', '쉽게', '설명', '방법', '대해', '있으며', '결과', '바탕', '책', '집필', '프로그래머', '직업', '충실하기', '위해', '적지', '않은', '기간', '집필', '활동', '없었지만', '그간', '축적', '에너지', '바탕', '책', '쓸', '계획', '집필', '임']","['연도', '출', '간', '유성우', '열', '혈', '강의', '프로그래밍', '개정판', '출', '간', '가장', '많은', '독자', '선택', '해온', '언어', '기', '본', '서', '로서', '자리', '이어가기에', '부족함', '없도록', '개정', '되었다', '본', '도서', '강의', '필요', '없을', '쉽게', '설명', '되어', '책', '강의', '필요한', '독자', '위해', '서', '저자', '직접', '본', '도서', '내용', '강의', '책', '유명한', '강의', '언어', '쉽게', '공부', '있을', '사이', '저자', '여러', '서적', '집필', '쌓아', '온', '경험', '독자', '다양한', '의견', '바탕', '새롭게', '태어난', '개정판', '언어', '공부', '데', '가장', '든든한']"
명품  ,황기태,생능출판사,년 월 일,, 모바일,"['서울대학교', '컴퓨터공학', '졸업', '서울대', '대학원', '컴퓨터공학', '입학', '하여', '석사', '박사', '학위', '취득', '하였다', '뉴욕', '있는에서', '방문', '연구원', '지내고', '한성', '대학교', '컴퓨터공학', '교수', '재직', '중이', '비트', '교육', '센터', '초기', '센터', '장', '조현정', '회장', '대한민국', '최고', '비트', '교육', '센터', '신화', '토대', '만들었다', '미국', '얼', '바인', '캘리포니아', '대학', '플로리다', '대학', '방문', '교수', '지냈다']","['의해라는', '이름', '시작', '되었지만', '시스템', '소프트웨어', '응용', '소프트웨어', '게임', '임베디드', '소프트웨어', '모바일', '프로그램', '소프트웨어', '분야', '활용', '되고', '있다는', '비해', '실행', '속도', '빠르다고', '알려져', '메모리', '포트', '직접', '접근', '하므로', '하드웨어', '제어', '강점', '가진다', '이처럼', '늘', '광범위하면서도', '파괴', '력', '언어', '현대', '객체', '지향', '언어', '낳게', '모태', '언어', '이므로', '소프트웨어', '전문가', '로서', '탄탄한', '기반', '갖추기', '위', '해서라면', '언어', '대한', '충실한', '이해', '필요하다']"
오픽노잼 투,오픽노잼, ,년 월 일,,국어 외국어 사전,"['아리랑', '삼육', '어학', '원', '강사', '오픽', '인텐', '시브', '전문', '강사', '유튜브', '크리에이터', '채널', '오픽', '노잼', '오픽', '노잼', '스쿨', '대표', '서', '오픽', '노잼', '스크립트', '없이', '오픽', '쌉', '가능']","['영어', '영도', '모르면', '일로', '빨리', '점수', '따고', '오픽', '쓰레기통', '버리자', '솔직하게', '말', '합시다', '오픽', '잼', '점수', '따야', '게', '억울하긴', '하죠', '잘', '압니', '첫', '번째', '책', '두', '번째', '책', '이라도', '도움', '됐으면', '좋겠어요', '빨리', '원하는', '점수', '얻고', '책', '라면', '받침', '쓰세요', '맛있는', '라면', '될', '겁니다', '발', '뻗고', '잘', '있을', '같소', '오픽', '쓰레기통', '버리기', '위', '하여', '라멘']"
전기화학,오승모,자유아카데미,년 월 일,,대학교재,"['서울대학교', '공과대학', '학사', '석사', '박사', '서울대학교', '공과대학', '화학', '생물공학', '부', '교수형', '울산', '과학기술원', '에너지', '화학공학', '석좌교수']","['책', '전기화학', '입문', '서', '로서', '학기', '강의', '적합하도록', '모든', '분야', '포함', '시키지', '않았고', '설명', '될', '간단하게', '하였다', '전기화학', '셀', '전류', '닫힌', '고리', '형성', '하며', '흐르며', '셀', '분극', '발생', '셀', '분극', '전기화학', '셀', '성능', '큰', '영향', '준다는', '점', '특별히', '강조', '하였다', '출', '간', '전기화학', '제판', '대학원', '수준', '학기', '강의', '적합하도록', '난이도', '분량', '조절', '하였다', '목차', '표시', '내용', '생략', '학부', '학년', '수준', '학기', '강의', '가능할', '된다']"
